player,matches,runs,balls,strike_rate,wickets,balls_bowled,runs_conceded,economy,recent_form,performance_score
A Ashish Reddy,23.0,0.03493885700024957,196.0,0.4761904761904762,0.0892018779342723,270.0,400.0,0.24691358024691357,0.47619047619047616,0.15269485426610693
A Badoni,35.0,0.07911155477913652,505.0,0.41848184818481854,0.009389671361502348,25.0,37.0,0.24666666666666662,0.44,0.13199025739261133
A Chandila,2.0,0.0004991265285749938,7.0,0.19047619047619047,0.051643192488262914,234.0,245.0,0.1745014245014245,0.19047619047619047,0.05277820709978167
A Chopra,6.0,0.006613426503618668,75.0,0.23555555555555557,0.0,0.0,0.0,0.0,0.23555555555555555,0.07298136594293321
A Choudhary,3.0,0.003119540803593711,20.0,0.4166666666666667,0.023474178403755867,108.0,144.0,0.2222222222222222,0.41666666666666663,0.10973816165997453
A Dananjaya,1.0,0.0004991265285749938,5.0,0.26666666666666666,0.0,25.0,47.0,0.3133333333333333,0.26666666666666666,0.04884136095166792
A Flintoff,3.0,0.007736461192912404,57.0,0.3625730994152047,0.009389671361502348,66.0,106.0,0.2676767676767677,0.36257309941520466,0.08705943231477957
A Kamboj,1.0,0.0002495632642874969,2.0,0.33333333333333337,0.009389671361502348,68.0,115.0,0.28186274509803916,0.3333333333333333,0.0742484904730723
A Kumble,15.0,0.004367357125031196,49.0,0.2380952380952381,0.23004694835680753,983.0,1089.0,0.18463886063072227,0.23809523809523808,0.112004997448462
A Manohar,15.0,0.02882455702520589,181.0,0.425414364640884,0.0,0.0,0.0,0.0,0.42541436464088395,0.13771290435108724
A Mishra,55.0,0.04754180184676816,440.0,0.2886363636363637,0.8591549295774648,3444.0,4193.0,0.2029132791327913,0.2733333333333333,0.29696279270321346
A Mithun,6.0,0.004242575492887447,26.0,0.43589743589743596,0.03755868544600939,312.0,477.0,0.2548076923076923,0.4358974358974359,0.11616303432247452
A Mukund,2.0,0.0023708510107312204,23.0,0.2753623188405797,0.0,0.0,0.0,0.0,0.2753623188405797,0.08343849350592983
A Nehra,17.0,0.005116046917893686,63.0,0.21693121693121692,0.568075117370892,1974.0,2537.0,0.2142012833502195,0.21693121693121692,0.18746863250832893
A Nel,0.0,0.0,0.0,0.0,0.004694835680751174,18.0,31.0,0.28703703703703703,0.0,-0.02752999478351591
A Nortje,13.0,0.006114299975043674,51.0,0.32026143790849676,0.29107981220657275,1097.0,1614.0,0.24521422060164086,0.3202614379084967,0.1464669673552934
A Raghuvanshi,7.0,0.020339406039430998,109.0,0.49847094801223246,0.0,0.0,0.0,0.0,0.49847094801223235,0.15666007651747058
A Singh,5.0,0.0002495632642874969,10.0,0.06666666666666667,0.14553990610328638,486.0,639.0,0.2191358024691358,0.06666666666666667,0.03455874342140863
A Symonds,36.0,0.121537309708011,781.0,0.4157063593683313,0.107981220657277,540.0,694.0,0.21419753086419752,0.3666666666666667,0.1703735336511195
A Tomar,1.0,0.0004991265285749938,8.0,0.16666666666666669,0.0,0.0,0.0,0.0,0.16666666666666666,0.05017469428500125
A Uniyal,2.0,0.0004991265285749938,7.0,0.19047619047619047,0.014084507042253521,38.0,67.0,0.293859649122807,0.19047619047619047,0.031452713276141075
A Zampa,5.0,0.0018717244821562268,25.0,0.2,0.14084507042253522,425.0,562.0,0.22039215686274508,0.19999999999999998,0.07382715548811397
AA Bilakhia,7.0,0.008609932617918642,88.0,0.26136363636363635,0.0,0.0,0.0,0.0,0.26136363636363635,0.08142256732536243
AA Chavan,3.0,0.0014973795857249814,11.0,0.36363636363636365,0.03755868544600939,255.0,339.0,0.22156862745098038,0.3636363636363636,0.09684780056231715
AA Jhunjhunwala,15.0,0.027077614175193415,218.0,0.3318042813455658,0.004694835680751174,88.0,130.0,0.2462121212121212,0.3318042813455657,0.0855709461639631
AA Kazi,0.0,0.0,0.0,0.0,0.004694835680751174,13.0,21.0,0.2692307692307693,0.0,-0.025749368002889135
AA Kulkarni,2.0,0.001123034689293736,8.0,0.375,0.0,0.0,0.0,0.0,0.375,0.1128930621412528
AA Noffke,1.0,0.001123034689293736,12.0,0.25,0.004694835680751174,25.0,41.0,0.2733333333333333,0.25,0.04923343772810726
AB Agarkar,18.0,0.022335912153730972,160.0,0.3729166666666666,0.15492957746478875,820.0,1174.0,0.23861788617886176,0.3729166666666666,0.1345631750021168
AB Barath,3.0,0.005240828550037435,43.0,0.3255813953488372,0.0,0.0,0.0,0.0,0.3255813953488372,0.09950870859716426
AB Dinda,16.0,0.0032443224357374596,50.0,0.17333333333333334,0.38497652582159625,1589.0,2103.0,0.22057898049087477,0.17333333333333334,0.1273217462588197
AB McDonald,9.0,0.01534814075368106,103.0,0.39805825242718446,0.06572769953051644,188.0,263.0,0.23315602836879434,0.3980582524271844,0.11790564703769339
AB de Villiers,170.0,0.6464936361367607,3487.0,0.49526813880126186,0.0,0.0,0.0,0.0,0.4911111111111111,0.37464536290373723
AC Blizzard,7.0,0.014973795857249814,91.0,0.43956043956043955,0.0,0.0,0.0,0.0,0.43956043956043955,0.1371089604181693
AC Gilchrist,80.0,0.2581731969054155,1555.0,0.4435155412647374,0.004694835680751174,1.0,0.0,0.0,0.41,0.22291321315326756
AC Thomas,4.0,0.0024956326428749688,19.0,0.3508771929824561,0.07511737089201878,327.0,416.0,0.21202854230377166,0.3508771929824561,0.1037131178123706
AC Voges,7.0,0.022585475418018468,143.0,0.421911421911422,0.004694835680751174,56.0,76.0,0.22619047619047616,0.42191142191142195,0.11303300427087323
AD Hales,6.0,0.01846768155727477,119.0,0.41456582633053224,0.0,0.0,0.0,0.0,0.4145658263305322,0.13083343644420584
AD Mascarenhas,11.0,0.009857748939356127,79.0,0.33333333333333337,0.0892018779342723,310.0,365.0,0.19623655913978494,0.3333333333333333,0.10612702569836423
AD Mathews,41.0,0.09034190167207387,599.0,0.40289371174179195,0.13145539906103287,807.0,1095.0,0.22614622057001238,0.41333333333333333,0.16325898789559748
AD Nath,10.0,0.01123034689293736,99.0,0.30303030303030304,0.0,0.0,0.0,0.0,0.303030303030303,0.09483971232161899
AD Russell,104.0,0.3104567007736461,1515.0,0.5474147414741475,0.5868544600938967,1771.0,2691.0,0.2532467532467532,0.4911111111111111,0.39145802589366746
AF Milne,6.0,0.0028699775393062144,31.0,0.24731182795698925,0.04225352112676056,217.0,339.0,0.26036866359447003,0.24731182795698925,0.05972455444809708
AG Murtaza,3.0,0.0012478163214374844,14.0,0.2380952380952381,0.056338028169014086,269.0,322.0,0.19950433705080545,0.23809523809523808,0.06599938047824752
AG Paunikar,5.0,0.006114299975043674,61.0,0.2677595628415301,0.0,0.0,0.0,0.0,0.26775956284153,0.0824678738437243
AJ Finch,90.0,0.26104317444472175,1696.0,0.4111635220125786,0.004694835680751174,44.0,67.0,0.2537878787878788,0.37555555555555553,0.18872869037797493
AJ Hosein,1.0,0.001996506114299975,11.0,0.4848484848484849,0.004694835680751174,24.0,41.0,0.2847222222222222,0.48484848484848486,0.11885480929251604
AJ Turner,6.0,0.002994759171449963,31.0,0.2580645161290323,0.0,0.0,0.0,0.0,0.25806451612903225,0.07846752054871718
AJ Tye,13.0,0.01135512852508111,79.0,0.3839662447257384,0.22535211267605634,714.0,1005.0,0.234593837535014,0.38396624472573837,0.15204281281701262
AK Markram,42.0,0.12415772398302971,787.0,0.42143159678102504,0.009389671361502348,123.0,173.0,0.23441734417344173,0.37999999999999995,0.14671878601234806
AL Menaria,23.0,0.05003743448964313,367.0,0.36421435059037244,0.014084507042253521,113.0,144.0,0.21238938053097342,0.3566666666666667,0.10868221175976758
AM Nayar,50.0,0.08385325680059896,588.0,0.38095238095238093,0.04225352112676056,239.0,323.0,0.22524407252440726,0.3111111111111111,0.1281812637031098
AM Rahane,171.0,0.5792363364112803,3858.0,0.40107136685674794,0.004694835680751174,6.0,5.0,0.1388888888888889,0.4444444444444444,0.3125076017116562
AM Salvi,0.0,0.0,0.0,0.0,0.03286384976525822,156.0,205.0,0.21901709401709402,0.0,-0.013685746960394849
AN Ahmed,6.0,0.004492138757174944,27.0,0.4444444444444444,0.07042253521126761,362.0,515.0,0.2371086556169429,0.4444444444444444,0.12880035013946717
AN Ghosh,2.0,0.0008734714250062392,8.0,0.2916666666666667,0.0,0.0,0.0,0.0,0.29166666666666663,0.0878057149987522
AP Dole,2.0,0.004242575492887447,23.0,0.49275362318840576,0.023474178403755867,73.0,114.0,0.2602739726027397,0.49275362318840576,0.1291521357196973
AP Majumdar,4.0,0.010856001996506114,77.0,0.37662337662337664,0.0,0.0,0.0,0.0,0.37662337662337664,0.11678661368579013
AP Tare,27.0,0.04230097329673072,285.0,0.39649122807017545,0.0,0.0,0.0,0.0,0.3964912280701754,0.13375270907490838
AR Bawne,1.0,0.0014973795857249814,12.0,0.33333333333333337,0.0,0.0,0.0,0.0,0.3333333333333333,0.10052408285500375
AR Patel,112.0,0.2062640379336162,1318.0,0.41805766312594844,0.6150234741784038,3152.0,3824.0,0.20219966159052452,0.41222222222222216,0.33085384255491235
AS Joseph,5.0,0.003369104067881208,32.0,0.28125,0.10328638497652583,454.0,707.0,0.2595447870778267,0.28125,0.0854213039601072
AS Rajpoot,7.0,0.0032443224357374596,41.0,0.21138211382113822,0.11267605633802817,567.0,844.0,0.24808935920047026,0.2113821138211382,0.06791022516330959
AS Raut,16.0,0.024207636635887198,172.0,0.3759689922480621,0.0,30.0,45.0,0.25,0.375968992248062,0.09626337049697914
AS Roy,6.0,0.0032443224357374596,24.0,0.3611111111111111,0.028169014084507043,142.0,191.0,0.22417840375586853,0.36111111111111105,0.09409325933138135
AS Yadav,6.0,0.006114299975043674,40.0,0.4083333333333334,0.0,0.0,0.0,0.0,0.4083333333333333,0.12464000499126529
AT Carey,3.0,0.00399301222859995,29.0,0.367816091954023,0.0,0.0,0.0,0.0,0.367816091954023,0.11174238186621688
AT Rayudu,185.0,0.5425505365610183,3490.0,0.41528175740210127,0.0,0.0,0.0,0.0,0.4255555555555555,0.3149909049246595
AU Rashid,2.0,0.002745195907162466,17.0,0.43137254901960786,0.009389671361502348,60.0,91.0,0.25277777777777777,0.43137254901960786,0.10744222333598705
AUK Pathan,7.0,0.00486648365360619,26.0,0.5,0.0,41.0,63.0,0.2560975609756097,0.5,0.12609351318120118
Abdul Basith,1.0,0.00012478163214374845,1.0,0.33333333333333337,0.0,0.0,0.0,0.0,0.3333333333333333,0.10004367357125031
Abdul Samad,39.0,0.07224856501123035,408.0,0.47303921568627455,0.009389671361502348,55.0,113.0,0.3424242424242424,0.4622222222222222,0.13476290638456173
Abdur Razzak,1.0,0.0,2.0,0.0,0.0,14.0,29.0,0.3452380952380953,0.0,-0.03452380952380953
Abhishek Sharma,61.0,0.1718243074619416,925.0,0.49621621621621614,0.051643192488262914,278.0,396.0,0.23741007194244604,0.6044444444444443,0.2035845748157769
Abishek Porel,16.0,0.04492138757174944,244.0,0.49180327868852464,0.0,0.0,0.0,0.0,0.4918032786885246,0.16326346925666968
Akash Deep,3.0,0.0023708510107312204,12.0,0.5277777777777778,0.03755868544600939,175.0,324.0,0.30857142857142855,0.5277777777777777,0.13769565969144873
Akash Madhwal,1.0,0.0004991265285749938,5.0,0.26666666666666666,0.10328638497652583,279.0,431.0,0.2574671445639188,0.26666666666666666,0.08024957607274083
Akash Singh,0.0,0.0,0.0,0.0,0.023474178403755867,141.0,227.0,0.26832151300236406,0.0,-0.020963606699297442
Aman Hakim Khan,10.0,0.014349887696531071,109.0,0.3516819571865443,0.0,6.0,13.0,0.3611111111111111,0.35168195718654427,0.07441593673863806
Anand Rajan,0.0,0.0,0.0,0.0,0.046948356807511735,162.0,206.0,0.2119341563786008,0.0,-0.009456326435982147
Anirudh Singh,4.0,0.007861242825056153,69.0,0.30434782608695654,0.0,0.0,0.0,0.0,0.3043478260869565,0.0940557828148566
Ankit Sharma,10.0,0.010856001996506114,69.0,0.4202898550724638,0.056338028169014086,375.0,453.0,0.2013333333333333,0.42028985507246375,0.12383773092943645
Ankit Soni,3.0,0.0008734714250062392,9.0,0.2592592592592593,0.018779342723004695,112.0,145.0,0.21577380952380953,0.25925925925925924,0.061200947504900176
Anmolpreet Singh,9.0,0.017344646867981036,117.0,0.39601139601139607,0.0,0.0,0.0,0.0,0.396011396011396,0.12487404520721218
Anuj Rawat,21.0,0.039680559021712004,276.0,0.3840579710144928,0.0,0.0,0.0,0.0,0.38405797101449274,0.12910558696194704
Anureet Singh,8.0,0.004492138757174944,47.0,0.25531914893617025,0.09859154929577466,430.0,636.0,0.24651162790697675,0.2553191489361702,0.07816471777910829
Arjun Tendulkar,1.0,0.0016221612178687298,9.0,0.48148148148148145,0.018779342723004695,83.0,117.0,0.23493975903614459,0.48148148148148145,0.12621306064783522
Arshad Khan,6.0,0.011979036685799851,67.0,0.47761194029850745,0.028169014084507043,153.0,282.0,0.3071895424836601,0.4776119402985074,0.12379954420234293
Arshad Khan (2),1.0,0.0006239081607187422,4.0,0.4166666666666667,0.0,13.0,25.0,0.3205128205128205,0.41666666666666663,0.0931670858049695
Arshdeep Singh,11.0,0.003618667332168705,42.0,0.23015873015873017,0.3943661971830986,1453.0,2097.0,0.24053682037164487,0.23015873015873015,0.14485201987248825
Ashutosh Sharma,9.0,0.02358372847516846,118.0,0.5338983050847458,0.0,0.0,0.0,0.0,0.5338983050847457,0.1684237964917327
Atharva Taide,9.0,0.030821063139505868,177.0,0.4651600753295668,0.0,1.0,4.0,0.6666666666666666,0.4651600753295668,0.08366872803103043
Avesh Khan,9.0,0.005116046917893686,25.0,0.5466666666666667,0.38028169014084506,1390.0,2010.0,0.2410071942446043,0.5466666666666666,0.23676031953201365
Azhar Mahmood,21.0,0.048415273271774396,311.0,0.41586280814576637,0.14553990610328638,552.0,707.0,0.21346618357487923,0.4066666666666666,0.15628273918322963
Azmatullah Omarzai,4.0,0.005240828550037435,34.0,0.411764705882353,0.018779342723004695,131.0,194.0,0.24681933842239187,0.4117647058823529,0.10537660359573098
B Akhil,11.0,0.009483404042924881,57.0,0.4444444444444444,0.03286384976525822,193.0,246.0,0.21243523316062177,0.4444444444444444,0.12362496387360943
B Chipli,21.0,0.03493885700024957,256.0,0.36458333333333337,0.0,6.0,20.0,0.5555555555555556,0.3645833333333333,0.0660480443945318
B Geeves,0.0,0.0,0.0,0.0,0.009389671361502348,49.0,91.0,0.3095238095238095,0.0,-0.028604963112005364
B Indrajith,3.0,0.0026204142750187176,31.0,0.22580645161290322,0.0,0.0,0.0,0.0,0.2258064516129032,0.06865908048012752
B Kumar,65.0,0.03818317943598703,338.0,0.30177514792899407,0.9154929577464789,4060.0,5051.0,0.20734811165845649,0.29666666666666663,0.31177966138895136
B Laughlin,4.0,0.0006239081607187422,13.0,0.12820512820512822,0.046948356807511735,179.0,284.0,0.2644320297951583,0.1282051282051282,0.023973792540152132
B Lee,19.0,0.015472922385824808,102.0,0.40522875816993464,0.14084507042253522,916.0,1126.0,0.20487627365356623,0.4052287581699346,0.14170779052629626
B Sai Sudharsan,25.0,0.12902420763663588,770.0,0.44761904761904764,0.0,0.0,0.0,0.0,0.4811111111111111,0.18111879013314003
B Stanlake,1.0,0.0006239081607187422,2.0,0.8333333333333334,0.03286384976525822,150.0,200.0,0.2222222222222222,0.8333333333333333,0.2362121080753439
B Sumanth,4.0,0.004367357125031196,38.0,0.30701754385964913,0.0,0.0,0.0,0.0,0.3070175438596491,0.09363383815165566
BA Bhatt,2.0,0.0007486897928624907,7.0,0.2857142857142857,0.06103286384976526,303.0,408.0,0.22442244224422442,0.2857142857142857,0.07879229887980646
BA Stokes,43.0,0.1166708260544048,718.0,0.4340761374187559,0.14553990610328638,723.0,1023.0,0.23582295988934993,0.41666666666666663,0.1829898373439506
BAW Mendis,3.0,0.00037434489643124535,6.0,0.16666666666666669,0.04225352112676056,248.0,306.0,0.20564516129032256,0.16666666666666666,0.040129884866408824
BB McCullum,109.0,0.359620663838283,2272.0,0.4228286384976526,0.0,0.0,0.0,0.0,0.47,0.25507439196781223
BB Samantray,8.0,0.015597704017968556,116.0,0.35919540229885066,0.0,0.0,0.0,0.0,0.3591954022988506,0.11321781709594418
BB Sran,7.0,0.0012478163214374844,14.0,0.2380952380952381,0.09389671361502347,516.0,767.0,0.2477390180878553,0.23809523809523808,0.07056558373604488
BCJ Cutting,17.0,0.02969802845021213,146.0,0.54337899543379,0.056338028169014086,288.0,430.0,0.2488425925925926,0.54337899543379,0.16260825637070547
BE Hendricks,2.0,0.00012478163214374845,3.0,0.1111111111111111,0.051643192488262914,157.0,239.0,0.2537154989384289,0.1111111111111111,0.020916255132806483
BJ Haddin,1.0,0.002246069378587472,11.0,0.5454545454545455,0.0,0.0,0.0,0.0,0.5454545454545454,0.16442248791886926
BJ Hodge,63.0,0.17469428500124784,1153.0,0.4047412546978896,0.08450704225352113,238.0,310.0,0.21708683473389356,0.44,0.18374639051490005
BJ Rohrer,8.0,0.02408285500374345,146.0,0.4406392694063927,0.0,7.0,12.0,0.28571428571428564,0.44063926940639264,0.11204935150179944
BMAJ Mendis,3.0,0.0028699775393062144,27.0,0.28395061728395066,0.004694835680751174,30.0,36.0,0.19999999999999996,0.2839506172839506,0.06736338624413016
BR Dunk,3.0,0.0049912652857499375,36.0,0.3703703703703704,0.0,0.0,0.0,0.0,0.37037037037037035,0.1128580539611236
BR Sharath,1.0,0.0002495632642874969,5.0,0.13333333333333333,0.0,0.0,0.0,0.0,0.13333333333333333,0.040087347142500625
BW Hilfenhaus,0.0,0.0,0.0,0.0,0.107981220657277,390.0,497.0,0.21239316239316236,0.0,0.005755988925003012
Basil Thampi,7.0,0.00399301222859995,37.0,0.2882882882882883,0.12206572769953052,539.0,862.0,0.2665429808286951,0.2882882882882883,0.09174617460850959
Bipul Sharma,17.0,0.02333416521088096,124.0,0.5026881720430108,0.10328638497652583,436.0,581.0,0.22209480122324154,0.5026881720430108,0.16258552555851888
C Ganapathy,0.0,0.0,0.0,0.0,0.0,6.0,13.0,0.3611111111111111,0.0,-0.036111111111111115
C Green,28.0,0.08822061392563016,472.0,0.49929378531073443,0.09389671361502347,462.0,675.0,0.24350649350649353,0.49666666666666665,0.179657523588094
C Madan,1.0,0.0018717244821562268,21.0,0.2380952380952381,0.0,0.0,0.0,0.0,0.23809523809523808,0.07208367499732611
C Munro,11.0,0.022086348889443476,144.0,0.40972222222222227,0.0,12.0,15.0,0.20833333333333331,0.4097222222222222,0.10981355544463856
C Nanda,1.0,0.0,1.0,0.0,0.009389671361502348,50.0,58.0,0.1933333333333333,0.0,-0.016985915492957745
C Sakariya,7.0,0.0024956326428749688,31.0,0.21505376344086022,0.09389671361502347,460.0,610.0,0.22101449275362314,0.2150537634408602,0.06676232958565786
C de Grandhomme,21.0,0.03780883453955578,229.0,0.44104803493449785,0.03286384976525822,230.0,323.0,0.23405797101449277,0.44104803493449785,0.13035766790905917
CA Ingram,15.0,0.025580234589468433,183.0,0.37340619307832423,0.0,0.0,0.0,0.0,0.3734061930783242,0.12097494002981121
CA Lynn,42.0,0.16583478911904168,974.0,0.4548254620123204,0.0,0.0,0.0,0.0,0.4722222222222222,0.1953596528058558
CA Pujara,22.0,0.04866483653606189,403.0,0.32258064516129037,0.0,0.0,0.0,0.0,0.3244444444444444,0.11390007630016648
CH Gayle,141.0,0.623533815822311,3516.0,0.4737390974592341,0.0892018779342723,584.0,755.0,0.21546803652968036,0.4322222222222222,0.3590363868443285
CH Morris,49.0,0.07711504866483654,413.0,0.4987893462469734,0.5023474178403756,1801.0,2377.0,0.21997038682213585,0.47777777777777775,0.27916630826120536
CJ Anderson,29.0,0.06713251809333666,436.0,0.41131498470948014,0.06572769953051644,315.0,525.0,0.2777777777777778,0.4211111111111111,0.13603483017044474
CJ Dala,0.0,0.0,0.0,0.0,0.0,19.0,34.0,0.2982456140350877,0.0,-0.02982456140350877
CJ Ferguson,8.0,0.012228599950087349,119.0,0.2745098039215686,0.0,0.0,0.0,0.0,0.2745098039215686,0.08663295115900116
CJ Green,0.0,0.0,0.0,0.0,0.0,17.0,24.0,0.23529411764705882,0.0,-0.023529411764705882
CJ Jordan,12.0,0.010107312203643625,81.0,0.33333333333333337,0.16901408450704225,717.0,1111.0,0.2582519758251976,0.3333333333333333,0.11996588281551608
CJ McKay,1.0,0.0009982530571499876,15.0,0.17777777777777778,0.004694835680751174,42.0,60.0,0.23809523809523808,0.17777777777777776,0.03104690701399982
CK Kapugedera,3.0,0.001996506114299975,24.0,0.2222222222222222,0.0,17.0,49.0,0.48039215686274506,0.2222222222222222,0.01932622812039715
CK Langeveldt,2.0,0.0009982530571499876,9.0,0.2962962962962963,0.06103286384976526,165.0,199.0,0.201010101010101,0.2962962962962963,0.0843954833203226
CL White,45.0,0.12116296481157975,774.0,0.41817398794142985,0.004694835680751174,46.0,86.0,0.3115942028985507,0.39999999999999997,0.13696482329974308
CM Gautam,13.0,0.02108809583229349,158.0,0.3565400843881857,0.0,0.0,0.0,0.0,0.35654008438818563,0.11434285885775841
CR Brathwaite,14.0,0.022585475418018468,120.0,0.5027777777777779,0.07511737089201878,266.0,384.0,0.24060150375939848,0.5027777777777778,0.15345744207670464
CR Woakes,12.0,0.00973296730721238,77.0,0.33766233766233766,0.14553990610328638,463.0,674.0,0.24262059035277175,0.3376623376623376,0.11682815734677005
CRD Fernando,2.0,0.0004991265285749938,3.0,0.4444444444444444,0.0892018779342723,249.0,306.0,0.2048192771084337,0.4444444444444444,0.13532656939105928
CV Varun,10.0,0.003119540803593711,49.0,0.17006802721088438,0.39906103286384975,1624.0,2042.0,0.20956486042692934,0.17006802721088435,0.13092101961779262
D Brevis,10.0,0.028699775393062142,176.0,0.43560606060606066,0.004694835680751174,3.0,8.0,0.4444444444444444,0.4356060606060606,0.0974560040451333
D Ferreira,2.0,0.0009982530571499876,11.0,0.24242424242424246,0.0,0.0,0.0,0.0,0.24242424242424243,0.07307666129727523
D Jansen,0.0,0.0,0.0,0.0,0.004694835680751174,28.0,53.0,0.31547619047619047,0.0,-0.030373910127431254
D Kalyankrishna,1.0,0.00037434489643124535,8.0,0.125,0.009389671361502348,50.0,88.0,0.29333333333333333,0.125,0.010645105220793186
D Padikkal,64.0,0.19453456451210382,1323.0,0.3927941546989166,0.0,0.0,0.0,0.0,0.3655555555555555,0.18456341403174326
D Pretorius,5.0,0.005490391814324932,28.0,0.5238095238095238,0.03286384976525822,166.0,242.0,0.24297188755020074,0.5238095238095237,0.14298326796416536
D Salunkhe,3.0,0.004117793860743699,24.0,0.45833333333333337,0.004694835680751174,51.0,80.0,0.26143790849673204,0.4583333333333333,0.1139711459217749
D Wiese,11.0,0.01846768155727477,105.0,0.4698412698412699,0.07981220657276995,307.0,447.0,0.24267100977198694,0.46984126984126984,0.14310202016342094
D du Preez,1.0,0.0012478163214374844,13.0,0.25641025641025644,0.018779342723004695,43.0,56.0,0.21705426356589147,0.2564102564102564,0.06034922195974207
DA Miller,123.0,0.36486149238832044,2171.0,0.4489482573314909,0.0,0.0,0.0,0.0,0.4733333333333333,0.26360525333545154
DA Warner,184.0,0.8194409782879961,4849.0,0.45143328521344606,0.0,2.0,2.0,0.16666666666666666,0.45444444444444443,0.4057182192597157
DAJ Bracewell,1.0,0.0014973795857249814,9.0,0.4444444444444444,0.014084507042253521,25.0,32.0,0.21333333333333332,0.4444444444444444,0.11604520961556712
DB Das,22.0,0.037933616171699526,267.0,0.37952559300873906,0.0,0.0,0.0,0.0,0.379525593008739,0.12713444356271655
DB Ravi Teja,25.0,0.04679311205390567,325.0,0.3846153846153846,0.004694835680751174,18.0,28.0,0.25925925925925924,0.38222222222222224,0.1068903294780861
DE Bollinger,4.0,0.0026204142750187176,23.0,0.30434782608695654,0.20187793427230047,600.0,716.0,0.1988888888888889,0.3043478260869565,0.12280208750152972
DG Nalkande,2.0,0.0014973795857249814,12.0,0.33333333333333337,0.028169014084507043,89.0,150.0,0.28089887640449435,0.3333333333333333,0.07947644873568108
DH Yagnik,17.0,0.021212877464437237,142.0,0.3990610328638498,0.0,0.0,0.0,0.0,0.39906103286384975,0.12714281697170798
DJ Bravo,110.0,0.19465934614424757,1247.0,0.41700080192461914,0.971830985915493,3296.0,4436.0,0.22431229773462785,0.4388888888888889,0.41485193278149635
DJ Harris,4.0,0.013850761167956077,103.0,0.3592233009708738,0.0,18.0,26.0,0.2407407407407407,0.35922330097087374,0.08854068262597269
DJ Hooda,96.0,0.18292987272273523,1170.0,0.41766381766381766,0.046948356807511735,384.0,535.0,0.2322048611111111,0.4033333333333333,0.17712467962634523
DJ Hussey,61.0,0.16496131769403544,1101.0,0.40024220405691796,0.046948356807511735,323.0,485.0,0.2502579979360165,0.3866666666666666,0.1638416349487515
DJ Jacobs,7.0,0.011479910157224858,101.0,0.3036303630363037,0.0,0.0,0.0,0.0,0.30363036303630364,0.09510707746591981
DJ Malan,1.0,0.0032443224357374596,26.0,0.33333333333333337,0.0,0.0,0.0,0.0,0.3333333333333333,0.10113551285250812
DJ Mitchell,15.0,0.043798352882455704,274.0,0.427007299270073,0.004694835680751174,51.0,97.0,0.3169934640522875,0.42700729927007297,0.11290597580484044
DJ Muthuswami,1.0,0.00012478163214374845,3.0,0.1111111111111111,0.018779342723004695,84.0,108.0,0.2142857142857143,0.1111111111111111,0.016643271156763385
DJ Thornely,4.0,0.00486648365360619,54.0,0.24074074074074073,0.014084507042253521,44.0,40.0,0.1515151515151515,0.24074074074074073,0.06229510311003261
DJ Willey,5.0,0.006613426503618668,64.0,0.2760416666666667,0.03286384976525822,221.0,277.0,0.20889894419306182,0.27604166666666663,0.07245326729827492
DJG Sammy,20.0,0.03681058148240579,251.0,0.3917662682602922,0.06572769953051644,244.0,354.0,0.24180327868852458,0.39176626826029215,0.12266518101070632
DJM Short,7.0,0.014349887696531071,102.0,0.37581699346405234,0.004694835680751174,18.0,23.0,0.21296296296296294,0.3758169934640523,0.09764497135689307
DL Chahar,12.0,0.009982530571499875,61.0,0.4371584699453552,0.37089201877934275,1746.0,2243.0,0.21410843833524248,0.4371584699453551,0.20595358754494295
DL Vettori,16.0,0.015098577489393562,118.0,0.3418079096045198,0.1596244131455399,785.0,894.0,0.18980891719745221,0.34180790960451973,0.12875208656928344
DM Bravo,1.0,0.0007486897928624907,5.0,0.4,0.0,0.0,0.0,0.0,0.39999999999999997,0.12026204142750188
DNT Zoysa,2.0,0.001372597953581233,9.0,0.40740740740740744,0.009389671361502348,69.0,100.0,0.24154589371980673,0.40740740740740744,0.10089545997437058
DP Conway,22.0,0.11529822810082356,669.0,0.4603886397608371,0.0,0.0,0.0,0.0,0.4444444444444444,0.17767376199771975
DP Nannes,2.0,0.0004991265285749938,13.0,0.10256410256410257,0.1784037558685446,689.0,815.0,0.19714562167392358,0.10256410256410256,0.05583030185397581
DP Vijaykumar,1.0,0.00012478163214374845,1.0,0.33333333333333337,0.018779342723004695,159.0,205.0,0.21488469601677146,0.3333333333333333,0.08325003965032433
DPMD Jayawardene,78.0,0.2256051909158972,1522.0,0.39597021462987303,0.0,0.0,0.0,0.0,0.3433333333333333,0.19512103714469892
DR Martyn,1.0,0.0023708510107312204,26.0,0.24358974358974356,0.0,0.0,0.0,0.0,0.24358974358974356,0.07390672093067899
DR Sams,13.0,0.005490391814324932,48.0,0.3055555555555555,0.07042253521126761,389.0,528.0,0.22622107969151672,0.3055555555555555,0.08857182963534561
DR Shorey,2.0,0.0016221612178687298,20.0,0.21666666666666667,0.0,0.0,0.0,0.0,0.21666666666666667,0.06556775642625406
DR Smith,88.0,0.29760419266284005,1803.0,0.4409317803660566,0.1267605633802817,557.0,825.0,0.2468581687612208,0.4688888888888889,0.24484318093690094
DS Kulkarni,20.0,0.012977289742949838,113.0,0.30678466076696165,0.4272300469483568,1876.0,2513.0,0.2232587064676617,0.30678466076696165,0.181059090730444
DS Lehmann,2.0,0.002246069378587472,19.0,0.3157894736842105,0.0,0.0,0.0,0.0,0.3157894736842105,0.09552296638776878
DT Christian,41.0,0.057399550786124284,408.0,0.37581699346405234,0.18779342723004694,922.0,1218.0,0.22017353579175705,0.35111111111111104,0.15653064992504817
DT Patil,2.0,0.0016221612178687298,13.0,0.33333333333333337,0.0,0.0,0.0,0.0,0.3333333333333333,0.10056775642625405
DW Steyn,33.0,0.02083853256800599,163.0,0.3415132924335379,0.49295774647887325,2282.0,2583.0,0.18865030674846622,0.34151329243353784,0.21412188007373514
Dhruv Jurel,22.0,0.04329922635388071,237.0,0.48804500703234893,0.0,0.0,0.0,0.0,0.4880450070323488,0.16156823133356293
E Lewis,26.0,0.08160718742201148,499.0,0.43687374749499,0.0,0.0,0.0,0.0,0.4444444444444444,0.16000317469367373
EJG Morgan,74.0,0.1754429747941103,1181.0,0.3968388371436636,0.0,0.0,0.0,0.0,0.38111111111111107,0.17967030601941003
ER Dwivedi,2.0,0.002994759171449963,15.0,0.5333333333333333,0.0,0.0,0.0,0.0,0.5333333333333333,0.1610481657100075
F Behardien,3.0,0.0017469428500124784,13.0,0.358974358974359,0.0,0.0,0.0,0.0,0.3589743589743589,0.10830373768981205
F du Plessis,138.0,0.5703768405290741,3435.0,0.4435710819990296,0.0,6.0,16.0,0.4444444444444444,0.5322222222222222,0.29269133135159997
FA Allen,3.0,0.0017469428500124784,19.0,0.24561403508771928,0.009389671361502348,91.0,136.0,0.2490842490842491,0.24561403508771928,0.05173463345577084
FH Edwards,2.0,0.0004991265285749938,5.0,0.26666666666666666,0.028169014084507043,150.0,160.0,0.17777777777777778,0.26666666666666666,0.06943917002835023
FY Fazal,11.0,0.022835038682305967,179.0,0.3407821229050279,0.004694835680751174,12.0,20.0,0.2777777777777778,0.3407821229050279,0.08362283155272549
Fazalhaq Farooqi,2.0,0.00037434489643124535,13.0,0.07692307692307693,0.028169014084507043,162.0,229.0,0.23559670781893002,0.07692307692307693,0.006690526529907773
G Coetzee,5.0,0.0017469428500124784,22.0,0.21212121212121213,0.06103286384976526,216.0,357.0,0.2754629629629629,0.2121212121212121,0.05195971330001303
G Gambhir,151.0,0.5262041427501872,3524.0,0.39888384411653427,0.0,0.0,0.0,0.0,0.35888888888888887,0.3018368554361435
GB Hogg,4.0,0.002745195907162466,22.0,0.33333333333333337,0.11737089201877934,466.0,585.0,0.20922746781115875,0.3333333333333333,0.10938079479108583
GC Smith,29.0,0.09221362615423011,691.0,0.356488181379643,0.0,0.0,0.0,0.0,0.32666666666666666,0.13773014783222462
GC Viljoen,3.0,0.00037434489643124535,7.0,0.14285714285714285,0.03755868544600939,146.0,229.0,0.2614155251141553,0.14285714285714285,0.02623628242098061
GD McGrath,2.0,0.0004991265285749938,5.0,0.26666666666666666,0.06572769953051644,329.0,366.0,0.18541033434650456,0.26666666666666666,0.0780655857329799
GD Phillips,8.0,0.008110806089343649,55.0,0.393939393939394,0.009389671361502348,31.0,40.0,0.21505376344086022,0.3939393939393939,0.10186264180937803
GH Vihari,23.0,0.03543798352882456,331.0,0.28600201409869086,0.004694835680751174,43.0,48.0,0.18604651162790695,0.2911111111111111,0.08102841107271397
GHS Garton,2.0,0.0002495632642874969,4.0,0.16666666666666669,0.014084507042253521,97.0,136.0,0.23367697594501713,0.16666666666666666,0.030240776308562298
GJ Bailey,36.0,0.08273022211130522,552.0,0.4003623188405797,0.0,0.0,0.0,0.0,0.3844444444444444,0.14826837967132397
GJ Maxwell,128.0,0.3458946843024707,1842.0,0.501628664495114,0.19248826291079812,965.0,1311.0,0.2264248704663212,0.5544444444444444,0.2996721065329328
GR Napier,1.0,0.0018717244821562268,16.0,0.3125,0.004694835680751174,24.0,28.0,0.19444444444444442,0.3125,0.07613436804449802
GS Sandhu,0.0,0.0,0.0,0.0,0.004694835680751174,48.0,86.0,0.2986111111111111,0.0,-0.02868740219092332
Gagandeep Singh,0.0,0.0,0.0,0.0,0.014084507042253521,84.0,142.0,0.2817460317460317,0.0,-0.024653476414039793
Gulbadin Naib,1.0,0.0023708510107312204,15.0,0.4222222222222222,0.0,6.0,12.0,0.3333333333333333,0.42222222222222217,0.09416313118708924
Gurkeerat Singh,32.0,0.06376341402545546,436.0,0.3906727828746177,0.023474178403755867,82.0,97.0,0.19715447154471544,0.36333333333333334,0.12430515474069792
Gurnoor Brar,0.0,0.0,0.0,0.0,0.0,21.0,42.0,0.3333333333333333,0.0,-0.03333333333333333
H Das,1.0,0.0002495632642874969,5.0,0.13333333333333333,0.0,0.0,0.0,0.0,0.13333333333333333,0.040087347142500625
H Klaasen,32.0,0.12390816071874221,613.0,0.539967373572594,0.0,0.0,0.0,0.0,0.5433333333333332,0.20552636631137494
H Sharma,0.0,0.0,0.0,0.0,0.0,30.0,62.0,0.3444444444444445,0.0,-0.03444444444444445
HC Brook,11.0,0.023708510107312206,159.0,0.39832285115303984,0.0,0.0,0.0,0.0,0.3983228511530398,0.12779483388347124
HE van der Dussen,3.0,0.002745195907162466,25.0,0.29333333333333333,0.0,0.0,0.0,0.0,0.29333333333333333,0.08896081856750687
HF Gurney,1.0,0.00012478163214374845,5.0,0.06666666666666667,0.03286384976525822,169.0,239.0,0.23570019723865876,0.06666666666666667,0.004689616288698989
HH Gibbs,36.0,0.11055652607936113,837.0,0.352847471127041,0.0,0.0,0.0,0.0,0.35777777777777775,0.14479554079842555
HH Pandya,128.0,0.3161966558522586,1814.0,0.4656376332230798,0.3286384976525822,1485.0,2196.0,0.24646464646464647,0.48777777777777775,0.3089802865096303
HM Amla,16.0,0.07199900174694286,418.0,0.4601275917065391,0.0,0.0,0.0,0.0,0.46777777777777774,0.16362043742695365
HR Shokeen,5.0,0.008235587721487398,67.0,0.3283582089552239,0.023474178403755867,213.0,320.0,0.2503912363067292,0.32835820895522383,0.0822193393593538
HV Patel,37.0,0.031070626403793364,214.0,0.38785046728971967,0.7089201877934272,2284.0,3215.0,0.2346030356100408,0.3878504672897196,0.2809996028155963
Harbhajan Singh,88.0,0.10394309957574246,636.0,0.4365828092243187,0.755868544600939,3496.0,4101.0,0.19550915331807778,0.3766666666666666,0.3337753413093499
Harmeet Singh,4.0,0.002246069378587472,12.0,0.5,0.14553990610328638,574.0,747.0,0.21689895470383275,0.5,0.16548120533794392
Harpreet Brar,24.0,0.02907412028949339,201.0,0.3864013266998342,0.11737089201877934,692.0,907.0,0.2184489402697495,0.3864013266998341,0.1335941690889928
Harpreet Singh,8.0,0.01534814075368106,119.0,0.3445378151260505,0.0,0.0,0.0,0.0,0.3445378151260504,0.10873319380160351
Harshit Rana,3.0,0.0002495632642874969,3.0,0.2222222222222222,0.1267605633802817,403.0,590.0,0.24400330851943752,0.2222222222222222,0.07404382380229396
I Malhotra,1.0,0.0008734714250062392,4.0,0.5833333333333334,0.0,6.0,23.0,0.6388888888888888,0.5833333333333333,0.1114168261098633
I Sharma,21.0,0.0071125530321936616,71.0,0.26760563380281693,0.4507042253521127,2429.0,3255.0,0.223342939481268,0.2676056338028169,0.17311284609201424
I Udana,4.0,0.0018717244821562268,11.0,0.45454545454545453,0.03755868544600939,182.0,286.0,0.2619047619047619,0.4545454545454545,0.12021793510341718
IC Pandey,1.0,0.0,2.0,0.0,0.0892018779342723,469.0,609.0,0.21641791044776118,0.0,0.0006586784387919535
IC Porel,0.0,0.0,0.0,0.0,0.004694835680751174,26.0,42.0,0.2692307692307693,0.0,-0.025749368002889135
IK Pathan,82.0,0.14349887696531072,985.0,0.38917089678510997,0.4647887323943662,2113.0,2711.0,0.2138349897460167,0.3377777777777778,0.259219904147015
IR Jaggi,7.0,0.009483404042924881,100.0,0.25333333333333335,0.0,0.0,0.0,0.0,0.2533333333333333,0.07931919141502372
IS Sodhi,2.0,0.0008734714250062392,18.0,0.12962962962962965,0.04225352112676056,182.0,204.0,0.18681318681318682,0.12962962962962962,0.031076665488012536
Imran Tahir,8.0,0.004117793860743699,37.0,0.2972972972972973,0.40375586854460094,1340.0,1729.0,0.21504975124378106,0.29729729729729726,0.17006440905222162
Iqbal Abdulla,13.0,0.010980783628649864,86.0,0.3410852713178295,0.2112676056338028,943.0,1125.0,0.19883351007423117,0.34108527131782945,0.1391024060664039
Ishan Kishan,99.0,0.3299226353880709,1991.0,0.44265863050393445,0.0,0.0,0.0,0.0,0.47777777777777775,0.2500264689006973
J Arunkumar,3.0,0.0028699775393062144,24.0,0.3194444444444445,0.0,0.0,0.0,0.0,0.3194444444444444,0.09683782547209052
J Botha,28.0,0.051035687546793114,364.0,0.37454212454212454,0.1267605633802817,709.0,818.0,0.19228960977903148,0.3744444444444444,0.1426814238662982
J Fraser-McGurk,9.0,0.04117793860743699,150.0,0.7333333333333335,0.0,0.0,0.0,0.0,0.7333333333333334,0.234412278512603
J Little,0.0,0.0,0.0,0.0,0.06103286384976526,236.0,341.0,0.240819209039548,0.0,-0.008823704941513489
J Suchith,9.0,0.008734714250062392,62.0,0.37634408602150543,0.09389671361502347,434.0,604.0,0.23195084485407066,0.3763440860215054,0.11623946971232227
J Syed Mohammad,5.0,0.003618667332168705,27.0,0.3580246913580247,0.046948356807511735,196.0,286.0,0.2431972789115646,0.3580246913580247,0.09609130228438795
J Theron,4.0,0.0012478163214374844,13.0,0.25641025641025644,0.06103286384976526,235.0,311.0,0.2205673758865248,0.2564102564102564,0.07056129100936888
J Yadav,4.0,0.0049912652857499375,38.0,0.3508771929824561,0.04225352112676056,398.0,447.0,0.1871859296482412,0.3508771929824561,0.09885488806161533
JA Morkel,67.0,0.12166209134015474,712.0,0.4564606741573034,0.4507042253521127,1807.0,2409.0,0.222191477587161,0.4322222222222222,0.26876492019880316
JA Richardson,3.0,0.0021212877464437236,27.0,0.20987654320987656,0.014084507042253521,94.0,162.0,0.28723404255319146,0.20987654320987653,0.03850313617946251
JC Archer,23.0,0.02483154479660594,132.0,0.5025252525252525,0.23004694835680753,987.0,1210.0,0.20432286389733198,0.5025252525252525,0.1965280671358565
JC Buttler,106.0,0.44709258797105067,2519.0,0.4741299457456663,0.0,0.0,0.0,0.0,0.43666666666666665,0.2968482255596176
JD Ryder,29.0,0.07536810581482406,466.0,0.4320457796852647,0.051643192488262914,241.0,314.0,0.21715076071922546,0.3988888888888889,0.1455304484510922
JD Unadkat,27.0,0.024581981532318446,170.0,0.38627450980392164,0.511737089201878,2194.0,3219.0,0.24453053783044668,0.3862745098039216,0.2279672649949128
JDP Oram,11.0,0.013226853007237336,110.0,0.3212121212121212,0.06103286384976526,244.0,362.0,0.2472677595628415,0.32121212121212117,0.0915244749223266
JDS Neesham,10.0,0.011479910157224858,93.0,0.32974910394265233,0.03755868544600939,222.0,342.0,0.25675675675675674,0.32974910394265233,0.08665669542365106
JE Root,1.0,0.0012478163214374844,15.0,0.2222222222222222,0.0,12.0,15.0,0.20833333333333331,0.2222222222222222,0.04627006904583646
JE Taylor,2.0,0.00037434489643124535,4.0,0.25,0.028169014084507043,122.0,167.0,0.22814207650273224,0.25,0.059359066584604464
JEC Franklin,16.0,0.04080359371100574,309.0,0.3527508090614887,0.04225352112676056,155.0,225.0,0.24193548387096775,0.3522222222222222,0.10644990306992866
JH Kallis,95.0,0.3028450212128775,2291.0,0.3531209079004802,0.3474178403755869,1799.0,2348.0,0.21752825643876228,0.3244444444444444,0.27559984107186986
JJ Bumrah,26.0,0.008485150985774894,80.0,0.2833333333333333,0.8544600938967136,3185.0,3840.0,0.2009419152276295,0.2833333333333333,0.28149063479643666
JJ Roy,21.0,0.07661592213626155,460.0,0.4449275362318841,0.0,0.0,0.0,0.0,0.44555555555555554,0.16032523458344033
JJ van der Wath,3.0,0.002246069378587472,17.0,0.35294117647058826,0.014084507042253521,76.0,134.0,0.293859649122807,0.3529411764705882,0.08080363907196478
JL Denly,1.0,0.0,1.0,0.0,0.0,0.0,0.0,0.0,0.0,0.0
JL Pattinson,2.0,0.0018717244821562268,13.0,0.3846153846153846,0.051643192488262914,222.0,321.0,0.24099099099099103,0.3846153846153846,0.10485141797633668
JM Bairstow,50.0,0.1982780134764163,1132.0,0.4679034157832745,0.0,0.0,0.0,0.0,0.5233333333333333,0.212539825329231
JM Kemp,2.0,0.0032443224357374596,25.0,0.3466666666666667,0.014084507042253521,47.0,58.0,0.2056737588652482,0.3466666666666667,0.08808926372654667
JM Sharma,36.0,0.09109059146493637,501.0,0.4856952761144378,0.0,0.0,0.0,0.0,0.4766666666666666,0.1771388593746705
JO Holder,27.0,0.03231844272523085,217.0,0.39784946236559143,0.27699530516431925,1049.0,1489.0,0.236574515411503,0.3978494623655914,0.17625766841343776
JP Behrendorff,2.0,0.0007486897928624907,9.0,0.2222222222222222,0.10328638497652583,379.0,563.0,0.24758135444151275,0.2222222222222222,0.06799216889414872
JP Duminy,75.0,0.2531819316196656,1680.0,0.4025793650793651,0.107981220657277,701.0,847.0,0.20137898240608654,0.39999999999999997,0.2161159242604348
JP Faulkner,45.0,0.06575992013975543,406.0,0.43267651888341546,0.3568075117370892,1287.0,1849.0,0.2394457394457394,0.4388888888888889,0.21838685020391108
JPR Scantlebury-Searles,2.0,0.0009982530571499876,6.0,0.4444444444444444,0.009389671361502348,45.0,89.0,0.3296296296296296,0.4444444444444444,0.10306717678074845
JR Hazlewood,6.0,0.0023708510107312204,29.0,0.2183908045977012,0.16901408450704225,622.0,830.0,0.22240085744908894,0.21839080459770113,0.08636047461491796
JR Hopes,19.0,0.052033940603943105,314.0,0.44267515923566886,0.06572769953051644,369.0,562.0,0.25383920505871727,0.4277777777777778,0.14131756228594355
JR Philippe,5.0,0.00973296730721238,80.0,0.325,0.0,0.0,0.0,0.0,0.32499999999999996,0.10090653855752434
JW Hastings,0.0,0.0,0.0,0.0,0.014084507042253521,61.0,66.0,0.18032786885245902,0.0,-0.014511660124682522
Jalaj S Saxena,0.0,0.0,0.0,0.0,0.0,18.0,27.0,0.25,0.0,-0.025
Jaskaran Singh,4.0,0.0009982530571499876,11.0,0.24242424242424246,0.028169014084507043,111.0,174.0,0.26126126126126126,0.24242424242424243,0.05399278869227587
Joginder Sharma,5.0,0.004492138757174944,30.0,0.4,0.06103286384976526,272.0,421.0,0.2579656862745098,0.39999999999999997,0.11103389590000158
K Goel,16.0,0.027202395807337163,239.0,0.3040446304044631,0.0,67.0,94.0,0.23383084577114427,0.30404463040446306,0.07735114307679251
K Gowtham,27.0,0.030821063139505868,159.0,0.5178197064989519,0.10328638497652583,599.0,825.0,0.22954924874791316,0.5178197064989518,0.1689999554178528
K Kartikeya,2.0,0.001123034689293736,13.0,0.23076923076923078,0.046948356807511735,241.0,334.0,0.23098201936376206,0.23076923076923075,0.05826271863752376
K Khejroliya,0.0,0.0,0.0,0.0,0.023474178403755867,129.0,221.0,0.2855297157622739,0.0,-0.02268442697528842
K Rabada,28.0,0.02570501622161218,207.0,0.3317230273752013,0.5915492957746479,1907.0,2652.0,0.23177766124803353,0.33172302737520126,0.23322322170898327
K Santokie,0.0,0.0,0.0,0.0,0.014084507042253521,51.0,91.0,0.2973856209150327,0.0,-0.02621743533093989
K Upadhyay,2.0,0.0014973795857249814,9.0,0.4444444444444444,0.0,56.0,81.0,0.24107142857142858,0.4444444444444444,0.10975027333119422
K Yadav,1.0,0.0,4.0,0.0,0.009389671361502348,54.0,85.0,0.2623456790123457,0.0,-0.023887150060858984
KA Jamieson,7.0,0.008110806089343649,55.0,0.393939393939394,0.04225352112676056,179.0,271.0,0.25232774674115455,0.3939393939393939,0.10635120592066315
KA Maharaj,1.0,0.00012478163214374845,2.0,0.16666666666666669,0.009389671361502348,36.0,39.0,0.18055555555555555,0.16666666666666666,0.03433553585607035
KA Pollard,168.0,0.4288744696780634,2447.0,0.4681923443672525,0.38028169014084506,1586.0,2200.0,0.23118957545187052,0.3911111111111111,0.35866117102471506
KAJ Roach,1.0,0.0012478163214374844,9.0,0.3703703703703704,0.0,52.0,80.0,0.25641025641025644,0.37037037037037035,0.08590682118258859
KB Arun Karthik,8.0,0.006363863239331171,53.0,0.3207547169811321,0.0,0.0,0.0,0.0,0.32075471698113206,0.09845376722810553
KC Cariappa,5.0,0.002994759171449963,21.0,0.38095238095238093,0.03755868544600939,224.0,349.0,0.259672619047619,0.38095238095238093,0.09875628945246222
KC Sangakkara,68.0,0.21050661342650365,1424.0,0.39489700374531833,0.0,0.0,0.0,0.0,0.33444444444444443,0.18912378785782807
KD Karthik,233.0,0.6043174444721737,3687.0,0.4378446795045656,0.0,0.0,0.0,0.0,0.5177777777777777,0.34686116433029107
KH Pandya,107.0,0.2055153481407537,1287.0,0.4265734265734266,0.3755868544600939,2183.0,2644.0,0.2018628798289815,0.37222222222222223,0.27089526523585694
KJ Abbott,3.0,0.0016221612178687298,8.0,0.5416666666666667,0.009389671361502348,102.0,182.0,0.2973856209150327,0.5416666666666666,0.1356766121751264
KK Ahmed,5.0,0.00012478163214374845,7.0,0.047619047619047616,0.36619718309859156,1345.0,1918.0,0.23767038413878566,0.047619047619047616,0.08211164521773394
KK Cooper,12.0,0.01447466932867482,70.0,0.5523809523809524,0.16901408450704225,600.0,789.0,0.21916666666666665,0.5523809523809524,0.1911172744394158
KK Nair,68.0,0.18667332168704767,1192.0,0.41834451901566,0.0,0.0,0.0,0.0,0.4255555555555555,0.19119957012215946
KL Nagarkoti,7.0,0.002745195907162466,34.0,0.21568627450980393,0.023474178403755867,185.0,287.0,0.2585585585585585,0.21568627450980393,0.04567938966553116
KL Rahul,122.0,0.5851010731220365,3578.0,0.43683622135271094,0.0,0.0,0.0,0.0,0.44,0.33599443093089054
KM Asif,1.0,0.0,2.0,0.0,0.03286384976525822,143.0,232.0,0.27039627039627034,0.0,-0.01882366459831248
KM Jadhav,81.0,0.15073621162964812,1012.0,0.39789196310935443,0.0,0.0,0.0,0.0,0.31777777777777777,0.16811955373660434
KMA Paul,5.0,0.002246069378587472,26.0,0.23076923076923078,0.046948356807511735,180.0,239.0,0.2212962962962963,0.23076923076923075,0.059624353085523156
KMDN Kulasekara,1.0,0.0006239081607187422,3.0,0.5555555555555557,0.028169014084507043,107.0,122.0,0.19003115264797504,0.5555555555555556,0.15492417277924753
KP Appanna,3.0,0.0002495632642874969,4.0,0.16666666666666669,0.051643192488262914,222.0,291.0,0.21846846846846846,0.16666666666666666,0.04115129841771951
KP Pietersen,36.0,0.12490641377589219,758.0,0.44019349164467897,0.04225352112676056,180.0,218.0,0.2018518518518518,0.4077777777777778,0.16453270171812584
KR Mayers,13.0,0.04729223858248066,276.0,0.4577294685990339,0.0,46.0,59.0,0.21376811594202896,0.45772946859903385,0.13249431248937552
KR Sen,1.0,0.0,3.0,0.0,0.06572769953051644,255.0,396.0,0.25882352941176473,0.0,-0.009450428058547365
KS Bharat,8.0,0.02483154479660594,168.0,0.3948412698412699,0.0,0.0,0.0,0.0,0.3948412698412698,0.12714342163119302
KS Sharma,3.0,0.001996506114299975,25.0,0.21333333333333335,0.0,0.0,0.0,0.0,0.21333333333333332,0.06469877714000499
KS Williamson,76.0,0.2660344397304717,1734.0,0.4098423683198769,0.0,18.0,31.0,0.28703703703703703,0.30777777777777776,0.1822578311708195
KT Maphaka,0.0,0.0,0.0,0.0,0.004694835680751174,39.0,90.0,0.3846153846153846,0.0,-0.03728782954135067
KV Sharma,39.0,0.043798352882455704,306.0,0.3823529411764706,0.38497652582159625,1520.0,2130.0,0.23355263157894737,0.3877777777777778,0.20319541598937038
KW Richardson,4.0,0.004492138757174944,39.0,0.3076923076923077,0.09859154929577466,345.0,479.0,0.23140096618357484,0.3076923076923077,0.09538773157828971
Kamran Akmal,6.0,0.0159720489143998,78.0,0.547008547008547,0.0,0.0,0.0,0.0,0.547008547008547,0.169692781222604
Kamran Khan,1.0,0.00037434489643124535,5.0,0.2,0.06572769953051644,177.0,248.0,0.23352165725047078,0.19999999999999998,0.053210779871332964
Karanveer Singh,4.0,0.0014973795857249814,17.0,0.23529411764705885,0.06572769953051644,213.0,323.0,0.25273865414710484,0.23529411764705882,0.06227037761704002
Kartik Tyagi,6.0,0.0016221612178687298,16.0,0.27083333333333337,0.07511737089201878,458.0,720.0,0.2620087336244541,0.2708333333333333,0.07439622578681335
Kuldeep Yadav,32.0,0.022835038682305967,224.0,0.2723214285714286,0.4225352112676056,1786.0,2413.0,0.22517730496453894,0.27232142857142855,0.17280476443068318
Kumar Kushagra,3.0,0.00037434489643124535,7.0,0.14285714285714285,0.0,0.0,0.0,0.0,0.14285714285714285,0.04298816357089379
L Ablish,1.0,0.0,2.0,0.0,0.023474178403755867,45.0,76.0,0.28148148148148144,0.0,-0.022279603547209176
L Balaji,13.0,0.004492138757174944,50.0,0.24000000000000002,0.39906103286384975,1574.0,2083.0,0.220563320626853,0.24,0.1512811747182884
L Ngidi,0.0,0.0,0.0,0.0,0.13145539906103287,342.0,460.0,0.22417153996101363,0.0,0.010446695769156855
L Ronchi,5.0,0.004242575492887447,37.0,0.30630630630630634,0.0,0.0,0.0,0.0,0.3063063063063063,0.0933767933144025
L Wood,1.0,0.001123034689293736,3.0,1.0,0.004694835680751174,38.0,94.0,0.41228070175438597,1.0,0.260338700886002
LA Carseldine,5.0,0.010107312203643625,71.0,0.3802816901408451,0.004694835680751174,7.0,6.0,0.14285714285714282,0.38028169014084506,0.1045100609480023
LA Pomersbach,16.0,0.03768405290741203,251.0,0.401062416998672,0.0,0.0,0.0,0.0,0.40106241699867196,0.13350814361719582
LB Williams,1.0,0.00012478163214374845,2.0,0.16666666666666669,0.004694835680751174,42.0,74.0,0.2936507936507936,0.16666666666666666,0.021852303126358753
LE Plunkett,2.0,0.00012478163214374845,3.0,0.1111111111111111,0.018779342723004695,154.0,228.0,0.24675324675324675,0.1111111111111111,0.01339651791001014
LH Ferguson,7.0,0.008485150985774894,48.0,0.4722222222222223,0.26760563380281693,1002.0,1451.0,0.24135063206919494,0.4722222222222222,0.18740281475547263
LI Meriwala,0.0,0.0,0.0,0.0,0.004694835680751174,19.0,32.0,0.2807017543859649,0.0,-0.0268964665184087
LJ Wright,5.0,0.013226853007237336,63.0,0.5608465608465609,0.009389671361502348,75.0,125.0,0.2777777777777778,0.5608465608465608,0.14745300686909915
LMP Simmons,29.0,0.13463938108310458,878.0,0.40964312832194383,0.004694835680751174,18.0,34.0,0.31481481481481477,0.3966666666666666,0.1390601262316122
LPC Silva,3.0,0.0049912652857499375,27.0,0.4938271604938272,0.0,6.0,21.0,0.5833333333333333,0.49382716049382713,0.0915617576648273
LR Shukla,33.0,0.05053656101821812,358.0,0.3770949720670391,0.07981220657276995,326.0,458.0,0.23415132924335377,0.37,0.12699945809199323
LRPL Taylor,54.0,0.12690291989019217,847.0,0.4002361275088548,0.0,13.0,24.0,0.30769230769230765,0.3311111111111111,0.13026137862510573
LS Livingstone,39.0,0.1171699525829798,609.0,0.5139573070607554,0.051643192488262914,267.0,395.0,0.24656679151061173,0.5211111111111111,0.18380848469579186
Lalit Yadav,21.0,0.03805839780384328,301.0,0.33776301218161686,0.051643192488262914,294.0,430.0,0.24376417233560094,0.33888888888888885,0.10324001760969943
Liton Das,1.0,0.0004991265285749938,4.0,0.33333333333333337,0.0,0.0,0.0,0.0,0.3333333333333333,0.10017469428500125
M Ashwin,12.0,0.004367357125031196,50.0,0.23333333333333334,0.1643192488262911,898.0,1182.0,0.21937639198218262,0.2333333333333333,0.09067074800211541
M Jansen,12.0,0.008235587721487398,71.0,0.30985915492957744,0.10328638497652583,487.0,732.0,0.25051334702258726,0.30985915492957744,0.09661046372326654
M Kaif,22.0,0.03231844272523085,258.0,0.33462532299741604,0.0,0.0,0.0,0.0,0.334625322997416,0.11169905185305562
M Kartik,14.0,0.014100324432243575,109.0,0.34556574923547406,0.18309859154929578,1182.0,1418.0,0.19994359842075576,0.345565749235474,0.1343851263671758
M Klinger,4.0,0.009109059146493638,78.0,0.31196581196581197,0.0,0.0,0.0,0.0,0.31196581196581197,0.09677791429101637
M Manhas,38.0,0.06413775892188671,486.0,0.3525377229080933,0.0,42.0,42.0,0.16666666666666666,0.34777777777777774,0.1113048685719059
M Markande,10.0,0.005989518342899926,44.0,0.36363636363636365,0.17370892018779344,737.0,1081.0,0.24445952057892353,0.3636363636363636,0.13016851849998007
M Morkel,20.0,0.015722485650112306,93.0,0.45161290322580644,0.4131455399061033,1699.0,2136.0,0.20953502060035314,0.4516129032258064,0.22331962386177173
M Muralitharan,9.0,0.0024956326428749688,30.0,0.2222222222222222,0.3145539906103286,1581.0,1765.0,0.18606367278094035,0.2222222222222222,0.12757226846616102
M Ntini,2.0,0.001372597953581233,19.0,0.1929824561403509,0.03755868544600939,213.0,257.0,0.20109546165884193,0.19298245614035087,0.04765527132147685
M Pathirana,0.0,0.0,0.0,0.0,0.1784037558685446,503.0,617.0,0.20444002650762094,0.0,0.024156936316374052
M Prasidh Krishna,7.0,0.001123034689293736,24.0,0.125,0.2535211267605634,1231.0,1741.0,0.23571621987544006,0.125,0.07770172184384966
M Rawat,11.0,0.006862989767906165,70.0,0.2619047619047619,0.0,0.0,0.0,0.0,0.26190476190476186,0.08097347499019572
M Shahrukh Khan,37.0,0.0690042425754929,413.0,0.44632768361581926,0.0,12.0,16.0,0.2222222222222222,0.4588888888888889,0.13645562802759953
M Siddharth,0.0,0.0,0.0,0.0,0.004694835680751174,58.0,72.0,0.20689655172413793,0.0,-0.019515946252226
M Theekshana,2.0,0.0008734714250062392,7.0,0.33333333333333337,0.11737089201877934,631.0,814.0,0.2150026413100898,0.3333333333333333,0.10814817387243804
M Vijay,105.0,0.3268030945844772,2208.0,0.39538043478260876,0.0,37.0,49.0,0.2207207207207207,0.38999999999999996,0.21065411972814713
M Vohra,51.0,0.13513850761167956,863.0,0.41830822711471616,0.0,0.0,0.0,0.0,0.40222222222222226,0.171986645553878
M de Lange,1.0,0.00012478163214374845,2.0,0.16666666666666669,0.028169014084507043,116.0,171.0,0.24568965517241378,0.16666666666666666,0.03251696157513569
MA Agarwal,121.0,0.3330421761916646,2081.0,0.4275188210796092,0.0,0.0,0.0,0.0,0.3933333333333333,0.24311113360365155
MA Khote,3.0,0.002994759171449963,22.0,0.36363636363636365,0.009389671361502348,30.0,52.0,0.28888888888888886,0.3636363636363636,0.0835976037524033
MA Starc,16.0,0.013102071375093588,109.0,0.3211009174311927,0.27699530516431925,879.0,1175.0,0.22279105043610162,0.3211009174311926,0.1478857214581102
MA Wood,3.0,0.0014973795857249814,10.0,0.4,0.051643192488262914,127.0,192.0,0.25196850393700787,0.39999999999999997,0.1082380305833687
MB Parmar,0.0,0.0,0.0,0.0,0.0,19.0,33.0,0.2894736842105263,0.0,-0.028947368421052635
MC Henriques,54.0,0.12478163214374845,801.0,0.4161464835622139,0.215962441314554,979.0,1302.0,0.2216547497446374,0.43555555555555553,0.20131310527281795
MC Juneja,7.0,0.015597704017968556,134.0,0.3109452736318408,0.0,0.0,0.0,0.0,0.31094527363184077,0.09874277849584123
MD Mishra,17.0,0.02957324681806838,213.0,0.3708920187793428,0.0,0.0,0.0,0.0,0.37089201877934275,0.12161824202012676
MD Shanaka,3.0,0.0032443224357374596,26.0,0.33333333333333337,0.0,0.0,0.0,0.0,0.3333333333333333,0.10113551285250812
MDKJ Perera,2.0,0.0017469428500124784,13.0,0.358974358974359,0.0,0.0,0.0,0.0,0.3589743589743589,0.10830373768981205
MEK Hussey,58.0,0.2466932867481907,1648.0,0.3998786407766991,0.0,0.0,0.0,0.0,0.3788888888888889,0.20525675500048596
MF Maharoof,14.0,0.022086348889443476,124.0,0.4758064516129033,0.15492957746478875,441.0,532.0,0.20105820105820102,0.47580645161290325,0.1690987318555533
MG Bracewell,4.0,0.00723733466433741,49.0,0.39455782312925175,0.028169014084507043,66.0,95.0,0.2398989898989899,0.3945578231292517,0.1039527686025214
MG Johnson,28.0,0.02083853256800599,168.0,0.3313492063492064,0.3098591549295775,1301.0,1740.0,0.2229054573405073,0.33134920634920634,0.16187249130190765
MG Neser,0.0,0.0,0.0,0.0,0.0,25.0,62.0,0.4133333333333333,0.0,-0.04133333333333333
MJ Clarke,6.0,0.012228599950087349,96.0,0.3402777777777778,0.014084507042253521,66.0,72.0,0.1818181818181818,0.34027777777777773,0.0917026518946091
MJ Guptill,13.0,0.03381582231095583,197.0,0.45854483925549916,0.0,0.0,0.0,0.0,0.45854483925549916,0.14939898958548428
MJ Henry,0.0,0.0,0.0,0.0,0.014084507042253521,105.0,183.0,0.29047619047619044,0.0,-0.025526492287055665
MJ Lumb,12.0,0.03468929373596207,198.0,0.468013468013468,0.0,0.0,0.0,0.0,0.468013468013468,0.1525452932116271
MJ McClenaghan,20.0,0.010606438732218618,73.0,0.3881278538812786,0.35211267605633806,1346.0,1839.0,0.22771173848439819,0.3881278538812785,0.18540760488630476
MJ Santner,11.0,0.008734714250062392,77.0,0.30303030303030304,0.07511737089201878,370.0,428.0,0.1927927927927928,0.303030303030303,0.09346630434033816
MJ Suthar,1.0,0.00012478163214374845,2.0,0.16666666666666669,0.0,12.0,26.0,0.3611111111111111,0.16666666666666666,0.013932562460139202
MK Lomror,35.0,0.06575992013975543,389.0,0.45158526135389887,0.009389671361502348,94.0,127.0,0.22517730496453894,0.47444444444444445,0.13946419695353304
MK Pandey,158.0,0.48153231844272526,3288.0,0.391220600162206,0.0,0.0,0.0,0.0,0.35,0.2838414614955053
MK Tiwary,83.0,0.21150486648365363,1489.0,0.3794492948287442,0.004694835680751174,45.0,83.0,0.3074074074074074,0.42333333333333334,0.1604886618225785
ML Hayden,32.0,0.13813326678312954,839.0,0.4398092967818832,0.0,0.0,0.0,0.0,0.38999999999999996,0.17779896756956612
MM Ali,57.0,0.1449962565510357,849.0,0.45622300745975664,0.18779342723004694,770.0,900.0,0.1948051948051948,0.4388888888888889,0.21421672342923836
MM Patel,12.0,0.00486648365360619,41.0,0.3170731707317073,0.38497652582159625,1382.0,1733.0,0.20899662325132656,0.31707317073170727,0.17216968962854073
MM Sharma,28.0,0.015472922385824808,137.0,0.30170316301703165,0.6901408450704225,2308.0,3278.0,0.23671288272674754,0.3017031630170316,0.24479039473507902
MN Samuels,14.0,0.0200898427751435,174.0,0.3084291187739464,0.046948356807511735,219.0,285.0,0.21689497716894976,0.30842911877394635,0.0896077720884671
MN van Wyk,5.0,0.02083853256800599,135.0,0.4123456790123457,0.0,0.0,0.0,0.0,0.41234567901234565,0.1309971901025058
MP Stoinis,88.0,0.2328425255802346,1366.0,0.45534407027818447,0.2112676056338028,831.0,1300.0,0.26073004412354595,0.47555555555555556,0.2458525762965021
MP Yadav,0.0,0.0,0.0,0.0,0.03755868544600939,76.0,88.0,0.19298245614035087,0.0,-0.009908574252532741
MR Marsh,36.0,0.08297978537559272,532.0,0.4166666666666667,0.17370892018779344,593.0,803.0,0.22568858909499714,0.4588888888888889,0.1770124071300172
MS Bisla,39.0,0.09957574245071127,737.0,0.3609226594301221,0.0,0.0,0.0,0.0,0.3466666666666667,0.1424155080486128
MS Dhoni,228.0,0.6542300973296731,3947.0,0.4427835486867664,0.0,0.0,0.0,0.0,0.4833333333333333,0.36384308790374387
MS Gony,15.0,0.012353381582231097,76.0,0.43421052631578955,0.18309859154929578,925.0,1317.0,0.23729729729729726,0.43421052631578944,0.15663175960611198
MS Wade,14.0,0.022835038682305967,185.0,0.32972972972972975,0.0,0.0,0.0,0.0,0.3297297297297297,0.10691118245772602
MV Boucher,23.0,0.04916396306463689,318.0,0.4129979035639413,0.0,0.0,0.0,0.0,0.4177777777777778,0.14134575185249712
MW Short,6.0,0.014599450960818569,99.0,0.393939393939394,0.0,25.0,25.0,0.16666666666666666,0.3939393939393939,0.10662495935143802
Mandeep Singh,97.0,0.21287746443723485,1418.0,0.40103432063939826,0.0,12.0,26.0,0.3611111111111111,0.3888888888888889,0.15809902604621506
Mashrafe Mortaza,1.0,0.0002495632642874969,2.0,0.33333333333333337,0.004694835680751174,28.0,59.0,0.35119047619047616,0.3333333333333333,0.0661420084436408
Mayank Dagar,1.0,0.0,1.0,0.0,0.009389671361502348,138.0,205.0,0.24758454106280192,0.0,-0.022411036265904606
Misbah-ul-Haq,8.0,0.014599450960818569,82.0,0.475609756097561,0.0,0.0,0.0,0.0,0.47560975609756095,0.1477927346655548
Mohammad Ashraful,1.0,0.0002495632642874969,12.0,0.05555555555555555,0.0,0.0,0.0,0.0,0.05555555555555555,0.01675401380916729
Mohammad Asif,2.0,0.00037434489643124535,6.0,0.16666666666666669,0.04225352112676056,199.0,307.0,0.2571189279731993,0.16666666666666666,0.03498250819812115
Mohammad Hafeez,8.0,0.0079860244571999,84.0,0.253968253968254,0.009389671361502348,63.0,71.0,0.18783068783068782,0.25396825396825395,0.06254993380780298
Mohammad Nabi,19.0,0.027576740703768407,157.0,0.4692144373673036,0.07042253521126761,419.0,527.0,0.2096260938743039,0.46921443736730356,0.14705921487189655
Mohammed Shami,23.0,0.009233840778637386,82.0,0.3008130081300813,0.676056338028169,2521.0,3486.0,0.2304641015470051,0.30081300813008127,0.23944342106388922
Mohammed Siraj,20.0,0.013601197903668582,122.0,0.2978142076502732,0.4507042253521127,2081.0,2894.0,0.23177959314432164,0.2978142076502732,0.183602778584962
Mohit Rathee,1.0,0.00012478163214374845,2.0,0.16666666666666669,0.0,12.0,29.0,0.40277777777777773,0.16666666666666666,0.009765895793472543
Mohsin Khan,5.0,0.003119540803593711,27.0,0.308641975308642,0.1267605633802817,507.0,698.0,0.2294543063773833,0.30864197530864196,0.10242914208118249
Monu Kumar,0.0,0.0,0.0,0.0,0.0,16.0,20.0,0.20833333333333331,0.0,-0.020833333333333332
Mujeeb Ur Rahman,6.0,0.0014973795857249814,15.0,0.26666666666666666,0.09389671361502347,452.0,598.0,0.2205014749262537,0.26666666666666666,0.08194811376613423
Mukesh Choudhary,2.0,0.0007486897928624907,6.0,0.33333333333333337,0.07511737089201878,298.0,452.0,0.25279642058165547,0.3333333333333333,0.09376174209234103
Mukesh Kumar,5.0,0.0012478163214374844,20.0,0.16666666666666669,0.14553990610328638,420.0,707.0,0.2805555555555555,0.16666666666666666,0.05876615668276916
Mustafizur Rahman,6.0,0.0016221612178687298,23.0,0.18840579710144928,0.3286384976525822,1353.0,1792.0,0.2207440256220744,0.18840579710144925,0.11717471740762694
N Burger,0.0,0.0,0.0,0.0,0.03286384976525822,105.0,152.0,0.24126984126984125,0.0,-0.01591102168566957
N Jagadeesan,10.0,0.02021462440728725,155.0,0.34838709677419355,0.0,0.0,0.0,0.0,0.34838709677419355,0.11159124757480861
N Pooran,72.0,0.220738707262291,1143.0,0.515893846602508,0.0,0.0,0.0,0.0,0.5566666666666666,0.23406534252576217
N Rana,101.0,0.3289243823309209,2015.0,0.4360628618693135,0.046948356807511735,185.0,253.0,0.22792792792792793,0.45333333333333337,0.23575021235890248
N Saini,10.0,0.017469428500124784,143.0,0.3263403263403264,0.0,0.0,0.0,0.0,0.32634032634032634,0.10401639787714159
N Thushara,0.0,0.0,0.0,0.0,0.03755868544600939,172.0,259.0,0.25096899224806196,0.0,-0.01570722786330385
N Wadhera,16.0,0.04367357125031196,261.0,0.44699872286079184,0.0,12.0,13.0,0.18055555555555555,0.4469987228607918,0.13132981124029117
NA Saini,0.0,0.0,0.0,0.0,0.0,15.0,35.0,0.38888888888888884,0.0,-0.03888888888888889
NB Singh,0.0,0.0,0.0,0.0,0.004694835680751174,25.0,18.0,0.12,0.0,-0.010826291079812207
ND Doshi,1.0,0.0,13.0,0.0,0.009389671361502348,57.0,79.0,0.2309941520467836,0.0,-0.020751997364302777
NJ Maddinson,3.0,0.0024956326428749688,21.0,0.31746031746031744,0.0,0.0,0.0,0.0,0.31746031746031744,0.09611156666310147
NJ Rimmington,1.0,0.00012478163214374845,1.0,0.33333333333333337,0.0,18.0,20.0,0.18518518518518517,0.3333333333333333,0.0815251550527318
NK Patel,6.0,0.015098577489393562,124.0,0.32526881720430106,0.0,0.0,0.0,0.0,0.32526881720430106,0.10286514728257806
NL McCullum,2.0,0.0032443224357374596,23.0,0.37681159420289856,0.0,30.0,35.0,0.19444444444444442,0.3768115942028985,0.09473454666893323
NLTC Perera,30.0,0.052907412028949344,326.0,0.4335378323108385,0.17370892018779344,715.0,1031.0,0.24032634032634032,0.4477777777777777,0.16868553719104507
NM Coulter-Nile,16.0,0.010232093835787373,75.0,0.36444444444444446,0.24413145539906103,892.0,1125.0,0.21020179372197306,0.3644444444444444,0.15292725065342688
NS Naik,4.0,0.003868230596456202,53.0,0.1949685534591195,0.0,0.0,0.0,0.0,0.19496855345911948,0.05984444674649552
NT Ellis,5.0,0.0023708510107312204,26.0,0.24358974358974356,0.0892018779342723,365.0,514.0,0.23470319634703196,0.24358974358974356,0.07273687077954387
NV Ojha,94.0,0.1939106563513851,1360.0,0.38088235294117645,0.0,0.0,0.0,0.0,0.35,0.1805893179582789
Naman Dhir,7.0,0.017469428500124784,84.0,0.5555555555555557,0.0,29.0,55.0,0.3160919540229885,0.5555555555555556,0.14117177123941152
Navdeep Saini,7.0,0.004117793860743699,38.0,0.2894736842105264,0.12206572769953052,682.0,968.0,0.23655913978494622,0.2894736842105263,0.09514385106080621
Naveen-ul-Haq,4.0,0.002246069378587472,26.0,0.23076923076923078,0.12206572769953052,407.0,602.0,0.2465192465192465,0.23076923076923075,0.07588140078623283
Nithish Kumar Reddy,11.0,0.03780883453955578,221.0,0.4570135746606335,0.018779342723004695,118.0,208.0,0.2937853107344633,0.45701357466063347,0.12565346909433944
Noor Ahmad,5.0,0.0016221612178687298,18.0,0.24074074074074073,0.11267605633802817,513.0,672.0,0.21832358674463936,0.24074074074074073,0.07912663405851939
O Thomas,0.0,0.0,0.0,0.0,0.023474178403755867,63.0,85.0,0.22486772486772486,0.0,-0.016618227885833517
OA Shah,22.0,0.06313950586473671,405.0,0.41646090534979424,0.0,0.0,0.0,0.0,0.4111111111111111,0.14676960894566196
OC McCoy,1.0,0.0009982530571499876,5.0,0.5333333333333333,0.051643192488262914,180.0,255.0,0.2361111111111111,0.5333333333333333,0.1496490755809571
OF Smith,6.0,0.006363863239331171,50.0,0.34,0.03286384976525822,95.0,179.0,0.3140350877192982,0.33999999999999997,0.08103980580315066
P Amarnath,0.0,0.0,0.0,0.0,0.03286384976525822,132.0,241.0,0.3042929292929292,0.0,-0.02221333048797837
P Awana,5.0,0.0006239081607187422,14.0,0.11904761904761905,0.20187793427230047,774.0,1046.0,0.22523686477174848,0.11904761904761904,0.06387845066143755
P Chopra,1.0,0.0009982530571499876,6.0,0.4444444444444444,0.0,0.0,0.0,0.0,0.4444444444444444,0.13368272190333583
P Dogra,12.0,0.015847267282256054,141.0,0.30023640661938533,0.0,0.0,0.0,0.0,0.30023640661938533,0.0956174655346052
P Dubey,2.0,0.0028699775393062144,33.0,0.23232323232323235,0.004694835680751174,67.0,91.0,0.22636815920398007,0.23232323232323232,0.04923835483551666
P Kumar,57.0,0.04242575492887447,323.0,0.3508771929824561,0.47887323943661975,2637.0,3342.0,0.21122487675388696,0.35333333333333333,0.218830801321153
P Negi,35.0,0.04554529573246818,301.0,0.4042081949058694,0.1784037558685446,733.0,954.0,0.2169167803547067,0.4055555555555555,0.16017994094227447
P Parameswaran,2.0,0.00012478163214374845,3.0,0.1111111111111111,0.04225352112676056,159.0,226.0,0.23689727463312366,0.1111111111111111,0.020250659722961417
P Prasanth,0.0,0.0,0.0,0.0,0.0,6.0,18.0,0.5,0.0,-0.05
P Ray Barman,1.0,0.0023708510107312204,25.0,0.25333333333333335,0.0,24.0,56.0,0.38888888888888884,0.2533333333333333,0.037940908964867036
P Sahu,2.0,0.0023708510107312204,13.0,0.4871794871794871,0.014084507042253521,107.0,152.0,0.23676012461059187,0.4871794871794871,0.12682875830710624
P Simran Singh,34.0,0.09433491390067383,528.0,0.4772727272727273,0.0,0.0,0.0,0.0,0.5044444444444445,0.1775576239056399
P Suyal,0.0,0.0,0.0,0.0,0.009389671361502348,107.0,154.0,0.23987538940809963,0.0,-0.021640121100434378
PA Patel,136.0,0.3553780883453956,2442.0,0.3887523887523888,0.0,0.0,0.0,0.0,0.4611111111111111,0.2446259836645412
PA Reddy,10.0,0.020464187671574745,167.0,0.3273453093812375,0.0,0.0,0.0,0.0,0.3273453093812375,0.10536605849942242
PBB Rajapaksa,13.0,0.03456451210381832,201.0,0.4593698175787729,0.0,0.0,0.0,0.0,0.4593698175787728,0.14990852450996828
PC Valthaty,23.0,0.06301472423259297,432.0,0.3896604938271605,0.03286384976525822,153.0,207.0,0.22549019607843135,0.3311111111111111,0.12169277532722463
PD Collingwood,7.0,0.025330671325180937,159.0,0.4255765199161426,0.023474178403755867,90.0,101.0,0.18703703703703703,0.42557651991614254,0.12370353183589138
PD Salt,21.0,0.08148240578986773,385.0,0.5653679653679654,0.0,0.0,0.0,0.0,0.5577777777777777,0.19774972225733395
PH Solanki,0.0,0.0,0.0,0.0,0.009389671361502348,36.0,39.0,0.18055555555555555,0.0,-0.01570813771517997
PJ Cummins,39.0,0.06426254055403045,359.0,0.478180129990715,0.3098591549295775,1370.0,1976.0,0.24038929440389292,0.4855555555555556,0.21974055876137227
PJ Sangwan,14.0,0.0032443224357374596,47.0,0.1843971631205674,0.20657276995305165,905.0,1267.0,0.23333333333333328,0.18439716312056736,0.08476452094360791
PK Garg,19.0,0.03406538557524333,247.0,0.36842105263157904,0.0,0.0,0.0,0.0,0.368421052631579,0.12244920074080887
PM Sarvesh Kumar,1.0,0.00012478163214374845,2.0,0.16666666666666669,0.004694835680751174,31.0,42.0,0.22580645161290322,0.16666666666666666,0.028636737330147786
PN Mankad,5.0,0.012103818317943599,75.0,0.43111111111111106,0.0,0.0,0.0,0.0,0.43111111111111106,0.13356966974461357
PP Chawla,86.0,0.07786373845769903,580.0,0.3586206896551724,0.943661971830986,3895.0,5179.0,0.22160890029952932,0.3522222222222222,0.3482731949128925
PP Ojha,19.0,0.001996506114299975,45.0,0.11851851851851854,0.4647887323943662,1945.0,2399.0,0.20556983718937444,0.11851851851851852,0.13189453207521465
PP Shaw,79.0,0.23608684801597207,1321.0,0.47741609891496345,0.0,0.0,0.0,0.0,0.4588888888888889,0.22492886597877554
PR Shah,9.0,0.011479910157224858,97.0,0.3161512027491409,0.0,0.0,0.0,0.0,0.3161512027491409,0.09886332937977096
PSP Handscomb,1.0,0.0007486897928624907,12.0,0.16666666666666669,0.0,0.0,0.0,0.0,0.16666666666666666,0.050262041427501875
PV Tambe,6.0,0.002246069378587472,39.0,0.15384615384615385,0.13145539906103287,674.0,866.0,0.21414441147378832,0.15384615384615385,0.05838937905423115
PVD Chameera,7.0,0.005365610182181183,32.0,0.4479166666666667,0.051643192488262914,297.0,442.0,0.2480359147025814,0.44791666666666663,0.12436017021557101
PWH de Silva,14.0,0.008984277514349888,80.0,0.30000000000000004,0.16901408450704225,557.0,758.0,0.22681029323758226,0.3,0.1127169889330248
Pankaj Singh,5.0,0.0008734714250062392,12.0,0.19444444444444448,0.051643192488262914,311.0,472.0,0.25294748124330113,0.19444444444444445,0.04625509832982114
Parvez Rasool,4.0,0.0021212877464437236,20.0,0.2833333333333333,0.018779342723004695,200.0,273.0,0.22749999999999998,0.2833333333333333,0.06768728639200647
Q de Kock,107.0,0.3943099575742451,2410.0,0.43706777316735823,0.0,0.0,0.0,0.0,0.43666666666666665,0.26910876177615867
R Ashwin,89.0,0.09982530571499876,698.0,0.38204393505253104,0.9295774647887324,4679.0,5435.0,0.19359549761345018,0.4111111111111111,0.36404021275477594
R Bhatia,47.0,0.04267531819316197,290.0,0.393103448275862,0.38497652582159625,1661.0,2059.0,0.20660244832430263,0.393103448275862,0.2084512824733341
R Bishnoi,3.0,0.0023708510107312204,17.0,0.37254901960784315,0.0,0.0,0.0,0.0,0.37254901960784315,0.11259450373610887
R Dhawan,22.0,0.026204142750187176,188.0,0.3723404255319149,0.1267605633802817,693.0,922.0,0.22174122174122177,0.3723404255319148,0.1303895962930882
R Dravid,82.0,0.27127526828050913,1918.0,0.37782412234966983,0.0,0.0,0.0,0.0,0.36111111111111105,0.2074579300411512
R Goyal,0.0,0.0,0.0,0.0,0.0,24.0,34.0,0.2361111111111111,0.0,-0.02361111111111111
R McLaren,13.0,0.019840279510856002,178.0,0.29775280898876405,0.06572769953051644,372.0,558.0,0.25,0.297752808988764,0.08770186540805792
R Ninan,1.0,0.00037434489643124535,6.0,0.16666666666666669,0.014084507042253521,36.0,65.0,0.30092592592592593,0.16666666666666666,0.023559554881721727
R Parag,58.0,0.14636885450461692,909.0,0.4301430143014302,0.023474178403755867,181.0,307.0,0.2826887661141804,0.44555555555555554,0.1586422984192722
R Powell,22.0,0.04492138757174944,254.0,0.4724409448818898,0.004694835680751174,21.0,35.0,0.2777777777777778,0.4724409448818897,0.13085070025708925
R Rampaul,7.0,0.006363863239331171,52.0,0.3269230769230769,0.07981220657276995,278.0,319.0,0.1912470023980815,0.32692307692307687,0.10113262661407332
R Ravindra,10.0,0.027701522335912155,146.0,0.5068493150684932,0.0,12.0,7.0,0.09722222222222221,0.5068493150684932,0.15202810511589498
R Sai Kishore,1.0,0.0016221612178687298,6.0,0.7222222222222222,0.06103286384976526,191.0,259.0,0.2260034904013961,0.7222222222222221,0.20989229001522242
R Sanjay Yadav,1.0,0.0,2.0,0.0,0.0,14.0,23.0,0.27380952380952384,0.0,-0.027380952380952384
R Sathish,24.0,0.03369104067881208,236.0,0.38135593220338987,0.028169014084507043,144.0,233.0,0.26967592592592593,0.3813559322033898,0.10627330482713536
R Sharma,19.0,0.008235587721487398,77.0,0.2857142857142857,0.1971830985915493,935.0,1100.0,0.196078431372549,0.2857142857142857,0.11828467292743873
R Shepherd,9.0,0.014349887696531071,68.0,0.5637254901960785,0.028169014084507043,133.0,260.0,0.32581453634085206,0.5637254901960784,0.14860090763965098
R Shukla,4.0,0.0023708510107312204,23.0,0.2753623188405797,0.03286384976525822,130.0,217.0,0.27820512820512816,0.2753623188405797,0.06383394312673157
R Tewatia,65.0,0.12640379336161717,788.0,0.42851099830795264,0.16901408450704225,866.0,1117.0,0.21497305619707466,0.45444444444444443,0.19484751498282948
R Vinay Kumar,42.0,0.03868230596456202,289.0,0.3575547866205306,0.5962441314553991,2186.0,3041.0,0.23185422384873433,0.35755478662053053,0.24668085355273225
RA Bawa,2.0,0.001372597953581233,14.0,0.2619047619047619,0.0,0.0,0.0,0.0,0.26190476190476186,0.079051837855182
RA Jadeja,180.0,0.36922884951335166,2378.0,0.4147743201569947,0.7934272300469484,3895.0,4917.0,0.21039794608472398,0.4722222222222222,0.4338518013832976
RA Shaikh,0.0,0.0,0.0,0.0,0.0,6.0,11.0,0.3055555555555555,0.0,-0.030555555555555555
RA Tripathi,93.0,0.2790117294734215,1650.0,0.4517171717171718,0.0,6.0,12.0,0.3333333333333333,0.4522222222222222,0.19986117602276826
RD Chahar,22.0,0.01609683054654355,127.0,0.33858267716535434,0.3568075117370892,1697.0,2165.0,0.21263013160479277,0.3385826771653543,0.17514755861468956
RD Gaikwad,65.0,0.29698028450212133,1781.0,0.4454426352236572,0.0,0.0,0.0,0.0,0.48777777777777775,0.23969264727054568
RE Levi,6.0,0.01035687546793112,74.0,0.37387387387387394,0.0,0.0,0.0,0.0,0.3738738738738739,0.11578706857593807
RE van der Merwe,15.0,0.019840279510856002,144.0,0.3680555555555556,0.11737089201877934,455.0,515.0,0.18864468864468864,0.3680555555555556,0.12783901863569225
RG More,1.0,0.0002495632642874969,2.0,0.33333333333333337,0.004694835680751174,37.0,63.0,0.28378378378378377,0.3333333333333333,0.07288267768431005
RG Sharma,251.0,0.8273022211130522,5183.0,0.42639398032027787,0.07511737089201878,349.0,462.0,0.22063037249283668,0.4722222222222222,0.4164816890544698
RJ Gleeson,1.0,0.0002495632642874969,2.0,0.33333333333333337,0.004694835680751174,51.0,72.0,0.23529411764705882,0.3333333333333333,0.07773164429798254
RJ Harris,21.0,0.014599450960818569,112.0,0.34821428571428575,0.22065727699530516,865.0,1085.0,0.2090558766859345,0.3482142857142857,0.14383282513080503
RJ Peterson,5.0,0.00399301222859995,32.0,0.33333333333333337,0.014084507042253521,48.0,70.0,0.24305555555555555,0.3333333333333333,0.08061312548501781
RJ Quiney,7.0,0.01285250811080609,105.0,0.326984126984127,0.0,0.0,0.0,0.0,0.32698412698412693,0.10259361593402022
RJW Topley,1.0,0.00037434489643124535,6.0,0.16666666666666669,0.023474178403755867,107.0,182.0,0.2834890965732087,0.16666666666666666,0.027650655657369037
RK Bhui,4.0,0.0012478163214374844,27.0,0.1234567901234568,0.0,0.0,0.0,0.0,0.12345679012345678,0.037473772749540155
RK Singh,40.0,0.11142999750436737,654.0,0.4551478083588176,0.0,0.0,0.0,0.0,0.4688888888888889,0.17623189566067743
RM Patidar,24.0,0.09970052408285501,534.0,0.49875156054931336,0.0,0.0,0.0,0.0,0.5333333333333333,0.18624974023299426
RN ten Doeschate,21.0,0.040678812078861995,238.0,0.45658263305322133,0.014084507042253521,83.0,94.0,0.1887550200803213,0.4565826330532213,0.13585799889609934
RP Meredith,2.0,0.0,3.0,0.0,0.09859154929577466,415.0,621.0,0.2493975903614458,0.0,-0.0002918717122009154
RP Singh,28.0,0.006488644871474919,78.0,0.2222222222222222,0.4694835680751174,1874.0,2417.0,0.21495908929206686,0.2222222222222222,0.16481267546125553
RR Bhatkal,1.0,0.0,2.0,0.0,0.0,12.0,35.0,0.4861111111111111,0.0,-0.04861111111111111
RR Bose,0.0,0.0,0.0,0.0,0.0,12.0,24.0,0.3333333333333333,0.0,-0.03333333333333333
RR Pant,110.0,0.41140504117793864,2296.0,0.4786585365853659,0.0,0.0,0.0,0.0,0.49666666666666665,0.2884897318919533
RR Powar,9.0,0.008360369353631146,64.0,0.34895833333333337,0.07042253521126761,443.0,538.0,0.2024078254326561,0.3489583333333333,0.1049784805333222
RR Raje,5.0,0.0024956326428749688,18.0,0.3703703703703704,0.03286384976525822,144.0,214.0,0.2476851851851852,0.37037037037037035,0.09543202645891338
RR Rossouw,22.0,0.05902171200399302,321.0,0.4911734164070613,0.0,0.0,0.0,0.0,0.51,0.16895095330316287
RR Sarwan,4.0,0.009109059146493638,78.0,0.31196581196581197,0.0,0.0,0.0,0.0,0.31196581196581197,0.09677791429101637
RS Bopara,22.0,0.06625904666833042,468.0,0.3782051282051282,0.06103286384976526,213.0,301.0,0.2355242566510172,0.38555555555555554,0.12872551646031505
RS Gavaskar,1.0,0.0002495632642874969,8.0,0.08333333333333334,0.0,6.0,8.0,0.2222222222222222,0.08333333333333333,0.002865124920278403
RS Hangargekar,0.0,0.0,0.0,0.0,0.014084507042253521,43.0,60.0,0.23255813953488372,0.0,-0.019734687192924993
RS Sodhi,1.0,0.0004991265285749938,2.0,0.6666666666666667,0.0,0.0,0.0,0.0,0.6666666666666666,0.20017469428500126
RT Ponting,9.0,0.01135512852508111,129.0,0.23514211886304912,0.0,0.0,0.0,0.0,0.2351421188630491,0.07451693064269313
RV Gomez,9.0,0.006239081607187422,53.0,0.3144654088050315,0.028169014084507043,97.0,130.0,0.2233676975945017,0.31446540880503143,0.08122878496570163
RV Patel,7.0,0.009982530571499875,76.0,0.3508771929824561,0.0,20.0,22.0,0.18333333333333335,0.3508771929824561,0.09042371026142845
RV Uthappa,197.0,0.6181682056401299,3927.0,0.42050759697818524,0.0,0.0,0.0,0.0,0.42333333333333334,0.3426524378852584
RW Price,0.0,0.0,0.0,0.0,0.0,18.0,33.0,0.3055555555555555,0.0,-0.030555555555555555
Rahmanullah Gurbaz,13.0,0.0360618916895433,228.0,0.422514619883041,0.0,0.0,0.0,0.0,0.42251461988304095,0.13937604805625245
Ramandeep Singh,13.0,0.021212877464437237,106.0,0.5345911949685536,0.028169014084507043,45.0,64.0,0.23703703703703702,0.5345911949685535,0.15114041542054213
Rashid Khan,58.0,0.0680059895183429,355.0,0.5117370892018779,0.7370892018779343,2901.0,3340.0,0.19188785476272546,0.5022222222222221,0.3419309947362116
Rasikh Salam,6.0,0.0049912652857499375,40.0,0.33333333333333337,0.04225352112676056,207.0,341.0,0.2745571658615137,0.3333333333333333,0.08485460654555126
Ravi Bishnoi,14.0,0.00399301222859995,52.0,0.20512820512820515,0.3192488262910798,1460.0,1861.0,0.21244292237442922,0.20512820512820512,0.12150393015379855
S Anirudha,12.0,0.01697030197154979,121.0,0.3746556473829201,0.0,0.0,0.0,0.0,0.3746556473829201,0.11833629990491847
S Aravind,10.0,0.007362116296481158,59.0,0.33333333333333337,0.22535211267605634,788.0,1057.0,0.2235617597292724,0.3333333333333333,0.13655859289985525
S Badree,5.0,0.0016221612178687298,25.0,0.17333333333333334,0.051643192488262914,263.0,329.0,0.20849176172370087,0.17333333333333334,0.0446293783759497
S Badrinath,65.0,0.1798103319191415,1245.0,0.38580990629183404,0.0,0.0,0.0,0.0,0.34888888888888886,0.17683053718910247
S Chanderpaul,3.0,0.003119540803593711,33.0,0.25252525252525254,0.0,0.0,0.0,0.0,0.2525252525252525,0.07684941503883355
S Dhawan,221.0,0.8446468679810333,5483.0,0.41151437777372485,0.018779342723004695,49.0,72.0,0.2448979591836735,0.42333333333333334,0.39987670466584335
S Dube,61.0,0.18742201147991017,1077.0,0.4648715567935624,0.028169014084507043,117.0,190.0,0.2706552706552707,0.5066666666666666,0.18712565300529216
S Gopal,22.0,0.02246069378587472,173.0,0.3468208092485549,0.24882629107981222,1000.0,1358.0,0.2263333333333333,0.34682080924855485,0.15148072503624233
S Joseph,0.0,0.0,0.0,0.0,0.0,30.0,51.0,0.28333333333333327,0.0,-0.02833333333333333
S Kaul,9.0,0.0024956326428749688,36.0,0.1851851851851852,0.29577464788732394,1238.0,1772.0,0.23855681206246634,0.18518518518518517,0.10651700774614614
S Kaushik,1.0,0.0,1.0,0.0,0.028169014084507043,210.0,304.0,0.24126984126984125,0.0,-0.017084730605857364
S Ladda,2.0,0.0,10.0,0.0,0.023474178403755867,141.0,225.0,0.2659574468085106,0.0,-0.020727200079912092
S Lamichhane,1.0,0.0,1.0,0.0,0.06572769953051644,211.0,297.0,0.23459715639810427,0.0,-0.00702779075718132
S Midhun,0.0,0.0,0.0,0.0,0.0,13.0,29.0,0.3717948717948718,0.0,-0.03717948717948718
S Nadeem,20.0,0.00486648365360619,88.0,0.14772727272727273,0.2535211267605634,1444.0,1800.0,0.20775623268698062,0.1477272727272727,0.08862610951838676
S Narwal,4.0,0.004616920389318693,29.0,0.4252873563218391,0.028169014084507043,113.0,203.0,0.299410029498525,0.4252873563218391,0.10630337960408753
S Rana,8.0,0.01135512852508111,82.0,0.36991869918699194,0.0,16.0,18.0,0.1875,0.3699186991869919,0.09619990473987595
S Randiv,1.0,0.0002495632642874969,4.0,0.16666666666666669,0.03755868544600939,180.0,223.0,0.2064814814814815,0.16666666666666666,0.03882887035585482
S Sandeep Warrier,0.0,0.0,0.0,0.0,0.03755868544600939,176.0,257.0,0.24337121212121213,0.0,-0.014947449850618865
S Sohal,20.0,0.04591964062889943,311.0,0.3944265809217578,0.0,0.0,0.0,0.0,0.4033333333333333,0.1348451861172209
S Sreesanth,12.0,0.004242575492887447,57.0,0.19883040935672516,0.20187793427230047,947.0,1221.0,0.21488912354804643,0.19883040935672514,0.09011459544279862
S Sriram,2.0,0.003868230596456202,38.0,0.2719298245614035,0.0,18.0,49.0,0.4537037037037037,0.27192982456140347,0.03756245770681035
S Tyagi,1.0,0.00037434489643124535,4.0,0.25,0.028169014084507043,220.0,304.0,0.2303030303030303,0.25,0.059142971204574665
S Vidyut,8.0,0.018093336660843524,115.0,0.4202898550724638,0.004694835680751174,13.0,22.0,0.282051282051282,0.42028985507246375,0.10538820506809396
SA Abbott,3.0,0.002745195907162466,18.0,0.40740740740740744,0.004694835680751174,59.0,104.0,0.2937853107344633,0.40740740740740744,0.09497821863647056
SA Asnodkar,19.0,0.05278263039680559,352.0,0.4005681818181818,0.0,0.0,0.0,0.0,0.38111111111111107,0.13767152164898297
SA Yadav,135.0,0.4484651859246319,2522.0,0.47501982553528943,0.0,6.0,8.0,0.2222222222222222,0.5422222222222222,0.2806066603463324
SB Bangar,7.0,0.006114299975043674,58.0,0.28160919540229884,0.028169014084507043,153.0,221.0,0.2407407407407407,0.28160919540229884,0.06959094305900763
SB Dubey,3.0,0.004117793860743699,21.0,0.5238095238095238,0.0,0.0,0.0,0.0,0.5238095238095237,0.15858408499411744
SB Jakati,5.0,0.003493885700024957,30.0,0.3111111111111111,0.2347417840375587,1101.0,1474.0,0.22313048743566455,0.3111111111111111,0.13092859059416526
SB Joshi,2.0,0.0007486897928624907,16.0,0.125,0.004694835680751174,55.0,82.0,0.24848484848484848,0.125,0.01408726549920482
SB Styris,10.0,0.016346393810831045,134.0,0.3258706467661692,0.04225352112676056,222.0,278.0,0.20870870870870872,0.32587064676616917,0.0931749412744609
SB Wagh,2.0,0.0002495632642874969,3.0,0.2222222222222222,0.023474178403755867,108.0,147.0,0.22685185185185186,0.2222222222222222,0.049937373224921075
SC Ganguly,56.0,0.16833042176191665,1326.0,0.3391151332327803,0.056338028169014086,280.0,370.0,0.22023809523809523,0.3111111111111111,0.15131068399886544
SC Kuggeleijn,0.0,0.0,0.0,0.0,0.009389671361502348,50.0,71.0,0.23666666666666664,0.0,-0.02131924882629108
SD Chitnis,8.0,0.012353381582231097,92.0,0.358695652173913,0.009389671361502348,38.0,62.0,0.27192982456140347,0.35869565217391297,0.08708681459019002
SD Hope,9.0,0.022835038682305967,125.0,0.48800000000000004,0.0,0.0,0.0,0.0,0.488,0.1543922635388071
SD Lad,1.0,0.0018717244821562268,13.0,0.3846153846153846,0.0,0.0,0.0,0.0,0.3846153846153846,0.11603971895337005
SE Bond,1.0,0.00012478163214374845,2.0,0.16666666666666669,0.04225352112676056,191.0,225.0,0.19633507853403143,0.16666666666666666,0.040973545999537314
SE Marsh,69.0,0.31058148240578987,1913.0,0.43369925074054716,0.0,0.0,0.0,0.0,0.4377777777777777,0.2390172204160521
SE Rutherford,9.0,0.013226853007237336,107.0,0.3302180685358256,0.004694835680751174,46.0,60.0,0.21739130434782608,0.3302180685358255,0.08312939759868593
SH Johnson,3.0,0.0007486897928624907,7.0,0.2857142857142857,0.018779342723004695,99.0,155.0,0.2609427609427609,0.2857142857142857,0.06457688672826266
SJ Srivastava,4.0,0.0006239081607187422,5.0,0.33333333333333337,0.07042253521126761,306.0,444.0,0.2418300653594771,0.3333333333333333,0.09364099512312075
SK Raina,200.0,0.6907911155477914,4177.0,0.4417843747506185,0.14084507042253522,930.0,1139.0,0.20412186379928313,0.41333333333333333,0.38768873202175375
SK Trivedi,14.0,0.005240828550037435,61.0,0.22950819672131148,0.3427230046948357,1557.0,1944.0,0.20809248554913296,0.22950819672131145,0.1355582516277022
SK Warne,27.0,0.024706763164462194,219.0,0.3013698630136986,0.28169014084507044,1223.0,1465.0,0.19964568002180427,0.3013698630136986,0.14951629322075852
SL Malinga,20.0,0.010980783628649864,103.0,0.284789644012945,0.8826291079812206,2974.0,3486.0,0.19535978480161398,0.28478964401294493,0.2904014659890547
SM Boland,0.0,0.0,0.0,0.0,0.014084507042253521,43.0,56.0,0.21705426356589147,0.0,-0.018184299596025768
SM Curran,48.0,0.11018218118292988,673.0,0.4373452204061417,0.29107981220657275,1234.0,1924.0,0.25985953538627765,0.39222222222222225,0.2142951791396874
SM Harwood,2.0,0.001123034689293736,14.0,0.21428571428571433,0.014084507042253521,67.0,74.0,0.18407960199004975,0.2142857142857143,0.04979194298852552
SM Katich,11.0,0.030072373346643377,191.0,0.42059336823734733,0.0,0.0,0.0,0.0,0.4205933682373473,0.13670334114252938
SM Pollock,8.0,0.018342899925131023,116.0,0.4224137931034483,0.06103286384976526,280.0,307.0,0.18273809523809526,0.42241379310344823,0.13012855934346212
SMSM Senanayake,4.0,0.0012478163214374844,17.0,0.19607843137254904,0.04225352112676056,195.0,211.0,0.18034188034188034,0.19607843137254902,0.05178945737176994
SN Khan,36.0,0.07299725480409285,456.0,0.4276315789473684,0.0,2.0,6.0,0.5,0.3833333333333333,0.10162360058494126
SN Thakur,35.0,0.03830796106813077,228.0,0.44883040935672525,0.4694835680751174,1979.0,2908.0,0.24490483409129188,0.44883040935672514,0.2409373177905135
SO Hetmyer,65.0,0.15510356875467932,854.0,0.485167837626854,0.0,0.0,0.0,0.0,0.4766666666666666,0.19941154180418458
SP Fleming,10.0,0.024457199900174698,171.0,0.3820662768031189,0.0,0.0,0.0,0.0,0.3820662768031189,0.12317990300599681
SP Goswami,21.0,0.036561018218118295,307.0,0.3181324647122693,0.0,0.0,0.0,0.0,0.3211111111111111,0.10838502810996428
SP Jackson,8.0,0.007611679560768655,57.0,0.35672514619883045,0.0,0.0,0.0,0.0,0.3567251461988304,0.10968163170591816
SP Narine,106.0,0.19141502370851013,984.0,0.5196476964769647,0.9389671361502347,4146.0,4672.0,0.18781154526451196,0.5499999999999999,0.4403678119283272
SPD Smith,93.0,0.3113301721986524,1999.0,0.41604135401033854,0.0,2.0,5.0,0.41666666666666663,0.4033333333333333,0.191475898772113
SR Tendulkar,78.0,0.29124032942350886,2044.0,0.3806262230919765,0.0,37.0,59.0,0.2657657657657657,0.38111111111111107,0.1895696500502012
SR Watson,141.0,0.484152732717744,2892.0,0.44721069617335174,0.5023474178403756,2137.0,2742.0,0.21385119326158164,0.3988888888888889,0.4054023100729285
SS Agarwal,0.0,0.0,0.0,0.0,0.004694835680751174,24.0,42.0,0.29166666666666663,0.0,-0.02799295774647887
SS Cottrell,1.0,0.0,2.0,0.0,0.028169014084507043,131.0,177.0,0.22519083969465647,0.0,-0.015476830448338887
SS Iyer,114.0,0.3906912902420764,2545.0,0.41008513425016374,0.0,6.0,7.0,0.19444444444444442,0.47,0.24331879070282322
SS Mundhe,0.0,0.0,0.0,0.0,0.004694835680751174,7.0,6.0,0.14285714285714282,0.0,-0.01311200536552649
SS Prabhudessai,10.0,0.015722485650112306,113.0,0.37168141592920356,0.0,0.0,0.0,0.0,0.3716814159292035,0.11700729475630037
SS Sarkar,0.0,0.0,0.0,0.0,0.004694835680751174,25.0,34.0,0.22666666666666666,0.0,-0.021492957746478875
SS Shaikh,1.0,0.0007486897928624907,7.0,0.2857142857142857,0.0,0.0,0.0,0.0,0.2857142857142857,0.08597632714178759
SS Tiwary,73.0,0.18642375842276018,1291.0,0.3857474825716499,0.0,0.0,0.0,0.0,0.39444444444444443,0.18140740831310076
SSB Magala,0.0,0.0,0.0,0.0,0.004694835680751174,37.0,52.0,0.23423423423423426,0.0,-0.022249714503235634
ST Jayasuriya,30.0,0.09583229348639881,573.0,0.4467713787085515,0.07511737089201878,301.0,396.0,0.2192691029900332,0.36333333333333334,0.16025324648804548
STR Binny,66.0,0.10980783628649864,700.0,0.41904761904761906,0.13145539906103287,611.0,763.0,0.20812875068194217,0.3888888888888889,0.17469006660368774
SV Samson,162.0,0.5514100324432244,3270.0,0.45045871559633033,0.0,0.0,0.0,0.0,0.4822222222222222,0.32971930136532224
SW Billings,27.0,0.06276516096830546,399.0,0.42021720969089393,0.0,0.0,0.0,0.0,0.41444444444444445,0.14774433098385262
SW Tait,5.0,0.0028699775393062144,26.0,0.2948717948717949,0.12206572769953052,534.0,668.0,0.20848938826466915,0.2948717948717948,0.09913352369871135
SZ Mulani,1.0,0.00012478163214374845,1.0,0.33333333333333337,0.0,33.0,57.0,0.28787878787878785,0.3333333333333333,0.07125579478337153
Sachin Baby,11.0,0.017968555028699776,123.0,0.3902439024390244,0.014084507042253521,10.0,8.0,0.13333333333333336,0.39024390243902435,0.11354995841898229
Salman Butt,7.0,0.02408285500374345,172.0,0.374031007751938,0.0,0.0,0.0,0.0,0.374031007751938,0.1206383015768916
Sameer Rizvi,5.0,0.006363863239331171,43.0,0.39534883720930236,0.0,0.0,0.0,0.0,0.39534883720930236,0.1208320032965566
Sandeep Sharma,25.0,0.006738208135762416,73.0,0.24657534246575344,0.7183098591549296,2925.0,3758.0,0.21413105413105413,0.2465753424657534,0.23449533496286984
Sanvir Singh,5.0,0.003119540803593711,22.0,0.37878787878787884,0.0,0.0,0.0,0.0,0.3787878787878788,0.11472820291762144
Saurav Chauhan,3.0,0.002246069378587472,16.0,0.375,0.0,0.0,0.0,0.0,0.375,0.11328612428250562
Shahbaz Ahmed,37.0,0.06688295482904917,467.0,0.38258386866523914,0.09859154929577466,549.0,850.0,0.2580449301760777,0.3566666666666667,0.13573172899614622
Shahid Afridi,9.0,0.010107312203643625,46.0,0.5869565217391305,0.04225352112676056,185.0,237.0,0.21351351351351353,0.5869565217391304,0.1688365447233532
Shakib Al Hasan,52.0,0.09920139755428002,665.0,0.39849624060150385,0.3333333333333333,1515.0,1864.0,0.20506050605060505,0.36777777777777776,0.21556072091153572
Shashank Singh,19.0,0.05278263039680559,272.0,0.5183823529411765,0.004694835680751174,19.0,25.0,0.2192982456140351,0.5183823529411764,0.15323251088001916
Shivam Mavi,11.0,0.006363863239331171,58.0,0.2931034482758621,0.15492957746478875,687.0,958.0,0.2324114507520621,0.29310344827586204,0.10564963590751551
Shivam Sharma,2.0,0.0006239081607187422,3.0,0.5555555555555557,0.018779342723004695,114.0,165.0,0.24122807017543857,0.5555555555555556,0.14745706318612561
Shivam Singh,1.0,0.0002495632642874969,3.0,0.2222222222222222,0.0,0.0,0.0,0.0,0.2222222222222222,0.06675401380916729
Shoaib Ahmed,3.0,0.00012478163214374845,6.0,0.05555555555555555,0.023474178403755867,103.0,154.0,0.24919093851132684,0.05555555555555555,-0.0023402090122767384
Shoaib Akhtar,1.0,0.0002495632642874969,8.0,0.08333333333333334,0.023474178403755867,46.0,54.0,0.1956521739130435,0.08333333333333333,0.011390674352135245
Shoaib Malik,5.0,0.006488644871474919,49.0,0.35374149659863946,0.009389671361502348,58.0,87.0,0.25,0.35374149659863946,0.08574089252498365
Shubman Gill,99.0,0.401297728974295,2432.0,0.4407894736842105,0.0,0.0,0.0,0.0,0.48777777777777775,0.27504046245094477
Sikandar Raza,9.0,0.02271025705016222,143.0,0.42424242424242425,0.014084507042253521,88.0,146.0,0.2765151515151515,0.4242424242424242,0.11109092884933228
Simarjeet Singh,3.0,0.0008734714250062392,8.0,0.2916666666666667,0.046948356807511735,193.0,265.0,0.2288428324697755,0.29166666666666663,0.07665852095365258
Sohail Tanvir,5.0,0.004492138757174944,31.0,0.38709677419354843,0.11267605633802817,265.0,275.0,0.17295597484276728,0.3870967741935484,0.12857469742330607
Sumit Kumar,3.0,0.002246069378587472,26.0,0.23076923076923078,0.0,22.0,38.0,0.28787878787878785,0.23076923076923075,0.041229014725396064
Sunny Gupta,1.0,0.0,1.0,0.0,0.0,19.0,47.0,0.41228070175438597,0.0,-0.0412280701754386
Sunny Singh,5.0,0.005365610182181183,31.0,0.4623655913978495,0.0,0.0,0.0,0.0,0.4623655913978495,0.14058764098311827
Suyash Sharma,0.0,0.0,0.0,0.0,0.051643192488262914,264.0,381.0,0.24053030303030298,0.0,-0.01114223218096457
Swapnil Singh,9.0,0.006363863239331171,46.0,0.3695652173913044,0.03286384976525822,165.0,241.0,0.24343434343434342,0.3695652173913043,0.09696944544903745
T Banton,2.0,0.002246069378587472,22.0,0.27272727272727276,0.0,0.0,0.0,0.0,0.2727272727272727,0.08260430610068745
T Henderson,2.0,0.001372597953581233,16.0,0.22916666666666669,0.004694835680751174,36.0,41.0,0.1898148148148148,0.22916666666666666,0.05142263672245975
T Kohler-Cadmore,3.0,0.005989518342899926,54.0,0.2962962962962963,0.0,0.0,0.0,0.0,0.2962962962962963,0.09098522030890385
T Kohli,3.0,0.001372597953581233,20.0,0.18333333333333338,0.0,0.0,0.0,0.0,0.18333333333333335,0.055480409283753446
T Natarajan,2.0,0.00037434489643124535,5.0,0.2,0.3568075117370892,1401.0,2001.0,0.23804425410421126,0.19999999999999998,0.1255284732376021
T Shamsi,1.0,0.0002495632642874969,4.0,0.16666666666666669,0.014084507042253521,120.0,185.0,0.2569444444444444,0.16666666666666666,0.027914029458619566
T Stubbs,17.0,0.05053656101821812,239.0,0.5648535564853557,0.018779342723004695,25.0,29.0,0.1933333333333333,0.5648535564853556,0.17250536564940092
T Taibu,3.0,0.003868230596456202,26.0,0.39743589743589747,0.0,0.0,0.0,0.0,0.3974358974358974,0.1205846499395289
T Thushara,4.0,0.0014973795857249814,19.0,0.2105263157894737,0.046948356807511735,144.0,164.0,0.1898148148148148,0.21052631578947367,0.0564375853122423
TA Boult,22.0,0.01035687546793112,82.0,0.33739837398373984,0.6009389671361502,2428.0,3286.0,0.2255628775398133,0.33739837398373984,0.23252287263895408
TD Paine,2.0,0.0012478163214374844,29.0,0.1149425287356322,0.0,0.0,0.0,0.0,0.11494252873563218,0.034919494333192774
TG Southee,19.0,0.014973795857249814,108.0,0.3703703703703704,0.26760563380281693,1262.0,1774.0,0.23428420496566296,0.37037037037037035,0.1598249276152865
TH David,35.0,0.08223109558273023,417.0,0.5267785771382895,0.0,0.0,0.0,0.0,0.49222222222222217,0.18508663884963905
TK Curran,10.0,0.015847267282256054,108.0,0.3919753086419753,0.06103286384976526,252.0,432.0,0.28571428571428564,0.3919753086419753,0.10982592353239494
TL Seifert,3.0,0.0032443224357374596,26.0,0.33333333333333337,0.0,0.0,0.0,0.0,0.3333333333333333,0.10113551285250812
TL Suman,39.0,0.08435238332917395,587.0,0.3838727995457127,0.03286384976525822,152.0,198.0,0.21710526315789472,0.3766666666666666,0.13083030351049746
TM Dilshan,50.0,0.14387322186174195,1047.0,0.3670805475963069,0.023474178403755867,275.0,368.0,0.22303030303030302,0.3111111111111111,0.14124683440415065
TM Head,25.0,0.0963314200149738,458.0,0.561863173216885,0.014084507042253521,58.0,113.0,0.32471264367816094,0.611111111111111,0.1757872082577649
TM Srivastava,3.0,0.0009982530571499876,11.0,0.24242424242424246,0.0,0.0,0.0,0.0,0.24242424242424243,0.07307666129727523
TP Sudhindra,0.0,0.0,0.0,0.0,0.004694835680751174,74.0,137.0,0.30855855855855857,0.0,-0.029682146935668067
TR Birt,5.0,0.009358622410781134,59.0,0.42372881355932207,0.0,0.0,0.0,0.0,0.423728813559322,0.13039416191157
TS Mills,5.0,0.0009982530571499876,14.0,0.19047619047619047,0.051643192488262914,218.0,349.0,0.2668195718654434,0.19047619047619047,0.04372108664838102
TU Deshpande,4.0,0.0026204142750187176,15.0,0.4666666666666667,0.215962441314554,831.0,1275.0,0.2557160048134777,0.4666666666666666,0.16933615484354725
Tanush Kotian,1.0,0.002994759171449963,32.0,0.25,0.0,0.0,0.0,0.0,0.25,0.07604816571000748
Tejas Baroka,0.0,0.0,0.0,0.0,0.0,21.0,33.0,0.2619047619047619,0.0,-0.026190476190476195
Tilak Varma,38.0,0.1442475667581732,830.0,0.4642570281124498,0.0,23.0,28.0,0.2028985507246377,0.49777777777777776,0.17114993920989818
U Kaul,1.0,0.0,1.0,0.0,0.0,0.0,0.0,0.0,0.0,0.0
UA Birla,1.0,0.0008734714250062392,15.0,0.15555555555555556,0.0,0.0,0.0,0.0,0.15555555555555556,0.04697238166541885
UBT Chand,20.0,0.037434489643124534,314.0,0.3184713375796179,0.0,0.0,0.0,0.0,0.32999999999999996,0.10921990576999806
UT Khawaja,6.0,0.015847267282256054,105.0,0.4031746031746032,0.0,0.0,0.0,0.0,0.40317460317460313,0.12649892450117056
UT Yadav,48.0,0.025954579485899677,211.0,0.3285939968404424,0.7652582159624414,3190.0,4442.0,0.2320794148380355,0.3285939968404423,0.2757689143790044
Umar Gul,4.0,0.00486648365360619,19.0,0.6842105263157895,0.06572769953051644,153.0,198.0,0.21568627450980393,0.6842105263157895,0.20182972460514773
Umran Malik,5.0,0.0028699775393062144,16.0,0.4791666666666667,0.14553990610328638,519.0,785.0,0.25208734746307,0.47916666666666663,0.15593073391827178
V Kaverappa,0.0,0.0,0.0,0.0,0.009389671361502348,24.0,36.0,0.25,0.0,-0.022652582159624415
V Kohli,244.0,1.0,6236.0,0.4283728886038059,0.023474178403755867,264.0,371.0,0.2342171717171717,0.5188888888888888,0.46548449402461767
V Pratap Singh,1.0,0.0,1.0,0.0,0.056338028169014086,211.0,300.0,0.23696682464454977,0.0,-0.009612175422201457
V Sehwag,104.0,0.34040429248814574,1833.0,0.4960901982178578,0.028169014084507043,138.0,236.0,0.28502415458937197,0.4522222222222222,0.24431500109861615
V Shankar,58.0,0.13913151984027952,890.0,0.4176029962546817,0.056338028169014086,258.0,344.0,0.2222222222222222,0.4422222222222222,0.16707017693891066
V Viyaskanth,1.0,0.0008734714250062392,5.0,0.4666666666666667,0.004694835680751174,60.0,90.0,0.25,0.4666666666666666,0.11647942391893996
VG Arora,7.0,0.001123034689293736,17.0,0.17647058823529413,0.09389671361502347,418.0,598.0,0.23843700159489634,0.1764705882352941,0.05296471685610726
VH Zol,2.0,0.003618667332168705,26.0,0.37179487179487186,0.0,0.0,0.0,0.0,0.3717948717948718,0.1128049951047206
VR Aaron,12.0,0.006239081607187422,73.0,0.22831050228310504,0.215962441314554,1065.0,1527.0,0.23896713615023474,0.228310502283105,0.10077072596106214
VR Iyer,49.0,0.16546044422261044,1000.0,0.442,0.014084507042253521,84.0,145.0,0.2876984126984127,0.5111111111111111,0.1687179965241913
VRV Singh,2.0,0.0004991265285749938,3.0,0.4444444444444444,0.07511737089201878,371.0,549.0,0.24663072776280323,0.4444444444444444,0.12762429756505894
VS Malik,2.0,0.0008734714250062392,7.0,0.33333333333333337,0.028169014084507043,212.0,268.0,0.21069182389937105,0.3333333333333333,0.08627878612994185
VS Yeligati,1.0,0.0002495632642874969,2.0,0.33333333333333337,0.0,32.0,61.0,0.3177083333333333,0.3333333333333333,0.0683165138091673
VVS Laxman,20.0,0.035188420264537064,271.0,0.34686346863468637,0.0,0.0,0.0,0.0,0.3468634686346863,0.11637498768299388
VY Mahesh,5.0,0.0018717244821562268,28.0,0.17857142857142858,0.10328638497652583,359.0,511.0,0.23723305478180132,0.17857142857142855,0.05632482290613457
Vijaykumar Vyshak,4.0,0.0017469428500124784,13.0,0.358974358974359,0.07981220657276995,243.0,396.0,0.2716049382716049,0.3589743589743589,0.10109629550584404
Virat Singh,2.0,0.0018717244821562268,26.0,0.1923076923076923,0.0,0.0,0.0,0.0,0.1923076923076923,0.05834741126106237
Vishnu Vinod,6.0,0.006987771400049914,58.0,0.3218390804597701,0.0,0.0,0.0,0.0,0.3218390804597701,0.0989974441279485
Vivrant Sharma,1.0,0.008609932617918642,49.0,0.4693877551020409,0.0,21.0,37.0,0.2936507936507936,0.4693877551020408,0.11446472358180443
W Jaffer,8.0,0.016221612178687297,129.0,0.3359173126614987,0.0,0.0,0.0,0.0,0.3359173126614987,0.10645275806099017
WA Mota,8.0,0.006987771400049914,76.0,0.24561403508771928,0.018779342723004695,75.0,98.0,0.21777777777777776,0.24561403508771928,0.059046988419306654
WD Parnell,13.0,0.008110806089343649,86.0,0.25193798449612403,0.18779342723004694,758.0,968.0,0.21284080914687775,0.25193798449612403,0.10408445337293143
WG Jacks,8.0,0.028699775393062142,133.0,0.5764411027568922,0.009389671361502348,55.0,100.0,0.303030303030303,0.5764411027568922,0.15502163975198469
WP Saha,143.0,0.36610930870975794,2368.0,0.41300675675675674,0.0,0.0,0.0,0.0,0.40222222222222226,0.2515010583487156
WPUJC Vaas,11.0,0.010107312203643625,73.0,0.36986301369863017,0.10328638497652583,288.0,364.0,0.21064814814814814,0.3698630136986301,0.11925324481018096
Washington Sundar,38.0,0.04716745695033692,341.0,0.36950146627565983,0.18309859154929578,1064.0,1335.0,0.20911654135338345,0.3555555555555555,0.15152474803129626
X Thalaivan Sargunam,1.0,0.0012478163214374844,17.0,0.19607843137254904,0.0,0.0,0.0,0.0,0.19607843137254902,0.05926026512426783
Y Gnaneswara Rao,1.0,0.0023708510107312204,18.0,0.35185185185185186,0.0,6.0,7.0,0.19444444444444442,0.35185185185185186,0.08694090896486703
Y Nagar,20.0,0.03556276516096831,271.0,0.3505535055350554,0.018779342723004695,72.0,125.0,0.28935185185185186,0.3505535055350553,0.09337266996242151
Y Prithvi Raj,1.0,0.0,1.0,0.0,0.004694835680751174,33.0,57.0,0.28787878787878785,0.0,-0.027614169867690993
Y Venugopal Rao,52.0,0.12290990766159222,865.0,0.37957610789980734,0.03286384976525822,222.0,338.0,0.25375375375375375,0.35777777777777775,0.1386419706113372
YA Abdulla,1.0,0.0,1.0,0.0,0.07042253521126761,222.0,311.0,0.23348348348348347,0.0,-0.005742714545531446
YBK Jaiswal,52.0,0.20052408285500375,1095.0,0.489193302891933,0.0,1.0,6.0,1.0,0.5055555555555555,0.11775953250001232
YK Pathan,153.0,0.4020464187671575,2334.0,0.46015424164524427,0.215962441314554,1184.0,1443.0,0.203125,0.37555555555555553,0.30821069508623244
YS Chahal,17.0,0.004616920389318693,89.0,0.13857677902621723,1.0,3628.0,4681.0,0.2150404263138552,0.13857677902621723,0.2716849132127412
YV Dhull,3.0,0.001996506114299975,23.0,0.2318840579710145,0.0,0.0,0.0,0.0,0.23188405797101447,0.07026399453130934
YV Takawale,10.0,0.023958073371599702,183.0,0.3497267759562842,0.0,0.0,0.0,0.0,0.34972677595628415,0.11330335846694516
Yash Dayal,1.0,0.0,1.0,0.0,0.14553990610328638,615.0,933.0,0.2528455284552845,0.0,0.01110042368029314
Yash Thakur,0.0,0.0,0.0,0.0,0.1267605633802817,432.0,702.0,0.2708333333333333,0.0,0.004606807511737088
Yashpal Singh,4.0,0.005864736710756177,67.0,0.23383084577114432,0.0,0.0,0.0,0.0,0.23383084577114427,0.07220191158010796
Younis Khan,1.0,0.00037434489643124535,7.0,0.14285714285714285,0.0,0.0,0.0,0.0,0.14285714285714285,0.04298816357089379
Yudhvir Singh,4.0,0.002745195907162466,16.0,0.45833333333333337,0.018779342723004695,74.0,125.0,0.2815315315315315,0.4583333333333333,0.1150025010951049
Yuvraj Singh,126.0,0.3436486149238832,2207.0,0.41594925237879476,0.18309859154929578,882.0,1091.0,0.20616024187452758,0.36777777777777776,0.26781184090681787
Z Khan,27.0,0.014599450960818569,141.0,0.2765957446808511,0.5586854460093896,2276.0,2860.0,0.20943175161101343,0.276595744680851,0.20681671758178788
