player,matches,runs,balls,strike_rate,wickets,balls_bowled,runs_conceded,economy,recent_form
A Ashish Reddy,23.0,280.0,196.0,142.85714285714286,19.0,270.0,400.0,8.88888888888889,1.4285714285714286
A Badoni,35.0,634.0,505.0,125.54455445544555,2.0,25.0,37.0,8.879999999999999,1.32
A Chandila,2.0,4.0,7.0,57.14285714285714,11.0,234.0,245.0,6.282051282051283,0.5714285714285714
A Chopra,6.0,53.0,75.0,70.66666666666667,0.0,0.0,0.0,0.0,0.7066666666666667
A Choudhary,3.0,25.0,20.0,125.0,5.0,108.0,144.0,8.0,1.25
A Dananjaya,1.0,4.0,5.0,80.0,0.0,25.0,47.0,11.28,0.8
A Flintoff,3.0,62.0,57.0,108.77192982456141,2.0,66.0,106.0,9.636363636363637,1.087719298245614
A Kamboj,1.0,2.0,2.0,100.0,2.0,68.0,115.0,10.147058823529411,1.0
A Kumble,15.0,35.0,49.0,71.42857142857143,49.0,983.0,1089.0,6.646998982706002,0.7142857142857143
A Manohar,15.0,231.0,181.0,127.62430939226519,0.0,0.0,0.0,0.0,1.276243093922652
A Mishra,55.0,381.0,440.0,86.5909090909091,183.0,3444.0,4193.0,7.304878048780488,0.82
A Mithun,6.0,34.0,26.0,130.76923076923077,8.0,312.0,477.0,9.173076923076923,1.3076923076923077
A Mukund,2.0,19.0,23.0,82.6086956521739,0.0,0.0,0.0,0.0,0.8260869565217391
A Nehra,17.0,41.0,63.0,65.07936507936508,121.0,1974.0,2537.0,7.711246200607903,0.6507936507936508
A Nel,0.0,0.0,0.0,0.0,1.0,18.0,31.0,10.333333333333334,0.0
A Nortje,13.0,49.0,51.0,96.07843137254902,62.0,1097.0,1614.0,8.827711941659071,0.9607843137254902
A Raghuvanshi,7.0,163.0,109.0,149.54128440366972,0.0,0.0,0.0,0.0,1.4954128440366972
A Singh,5.0,2.0,10.0,20.0,31.0,486.0,639.0,7.888888888888889,0.2
A Symonds,36.0,974.0,781.0,124.71190781049937,23.0,540.0,694.0,7.711111111111111,1.1
A Tomar,1.0,4.0,8.0,50.0,0.0,0.0,0.0,0.0,0.5
A Uniyal,2.0,4.0,7.0,57.14285714285714,3.0,38.0,67.0,10.578947368421051,0.5714285714285714
A Zampa,5.0,15.0,25.0,60.0,30.0,425.0,562.0,7.934117647058823,0.6
AA Bilakhia,7.0,69.0,88.0,78.4090909090909,0.0,0.0,0.0,0.0,0.7840909090909091
AA Chavan,3.0,12.0,11.0,109.09090909090908,8.0,255.0,339.0,7.976470588235294,1.0909090909090908
AA Jhunjhunwala,15.0,217.0,218.0,99.54128440366972,1.0,88.0,130.0,8.863636363636363,0.9954128440366973
AA Kazi,0.0,0.0,0.0,0.0,1.0,13.0,21.0,9.692307692307693,0.0
AA Kulkarni,2.0,9.0,8.0,112.5,0.0,0.0,0.0,0.0,1.125
AA Noffke,1.0,9.0,12.0,75.0,1.0,25.0,41.0,9.84,0.75
AB Agarkar,18.0,179.0,160.0,111.87499999999999,33.0,820.0,1174.0,8.590243902439024,1.11875
AB Barath,3.0,42.0,43.0,97.67441860465115,0.0,0.0,0.0,0.0,0.9767441860465116
AB Dinda,16.0,26.0,50.0,52.0,82.0,1589.0,2103.0,7.940843297671492,0.52
AB McDonald,9.0,123.0,103.0,119.41747572815532,14.0,188.0,263.0,8.393617021276597,1.1941747572815533
AB de Villiers,170.0,5181.0,3487.0,148.58044164037855,0.0,0.0,0.0,0.0,1.4733333333333334
AC Blizzard,7.0,120.0,91.0,131.86813186813185,0.0,0.0,0.0,0.0,1.3186813186813187
AC Gilchrist,80.0,2069.0,1555.0,133.05466237942122,1.0,1.0,0.0,0.0,1.23
AC Thomas,4.0,20.0,19.0,105.26315789473684,16.0,327.0,416.0,7.63302752293578,1.0526315789473684
AC Voges,7.0,181.0,143.0,126.57342657342659,1.0,56.0,76.0,8.142857142857142,1.2657342657342658
AD Hales,6.0,148.0,119.0,124.36974789915966,0.0,0.0,0.0,0.0,1.2436974789915967
AD Mascarenhas,11.0,79.0,79.0,100.0,19.0,310.0,365.0,7.064516129032258,1.0
AD Mathews,41.0,724.0,599.0,120.86811352253757,28.0,807.0,1095.0,8.141263940520446,1.24
AD Nath,10.0,90.0,99.0,90.9090909090909,0.0,0.0,0.0,0.0,0.9090909090909091
AD Russell,104.0,2488.0,1515.0,164.22442244224422,125.0,1771.0,2691.0,9.116883116883116,1.4733333333333334
AF Milne,6.0,23.0,31.0,74.19354838709677,9.0,217.0,339.0,9.373271889400922,0.7419354838709677
AG Murtaza,3.0,10.0,14.0,71.42857142857143,12.0,269.0,322.0,7.182156133828997,0.7142857142857143
AG Paunikar,5.0,49.0,61.0,80.32786885245902,0.0,0.0,0.0,0.0,0.8032786885245902
AJ Finch,90.0,2092.0,1696.0,123.34905660377358,1.0,44.0,67.0,9.136363636363637,1.1266666666666667
AJ Hosein,1.0,16.0,11.0,145.45454545454547,1.0,24.0,41.0,10.25,1.4545454545454546
AJ Turner,6.0,24.0,31.0,77.41935483870968,0.0,0.0,0.0,0.0,0.7741935483870968
AJ Tye,13.0,91.0,79.0,115.18987341772151,48.0,714.0,1005.0,8.445378151260504,1.1518987341772151
AK Markram,42.0,995.0,787.0,126.4294790343075,2.0,123.0,173.0,8.439024390243903,1.14
AL Menaria,23.0,401.0,367.0,109.26430517711172,3.0,113.0,144.0,7.646017699115044,1.07
AM Nayar,50.0,672.0,588.0,114.28571428571428,9.0,239.0,323.0,8.108786610878662,0.9333333333333333
AM Rahane,171.0,4642.0,3858.0,120.32141005702437,1.0,6.0,5.0,5.0,1.3333333333333333
AM Salvi,0.0,0.0,0.0,0.0,7.0,156.0,205.0,7.884615384615385,0.0
AN Ahmed,6.0,36.0,27.0,133.33333333333331,15.0,362.0,515.0,8.535911602209945,1.3333333333333333
AN Ghosh,2.0,7.0,8.0,87.5,0.0,0.0,0.0,0.0,0.875
AP Dole,2.0,34.0,23.0,147.82608695652172,5.0,73.0,114.0,9.36986301369863,1.4782608695652173
AP Majumdar,4.0,87.0,77.0,112.98701298701299,0.0,0.0,0.0,0.0,1.12987012987013
AP Tare,27.0,339.0,285.0,118.94736842105263,0.0,0.0,0.0,0.0,1.1894736842105262
AR Bawne,1.0,12.0,12.0,100.0,0.0,0.0,0.0,0.0,1.0
AR Patel,112.0,1653.0,1318.0,125.41729893778452,131.0,3152.0,3824.0,7.279187817258883,1.2366666666666666
AS Joseph,5.0,27.0,32.0,84.375,22.0,454.0,707.0,9.343612334801762,0.84375
AS Rajpoot,7.0,26.0,41.0,63.41463414634146,24.0,567.0,844.0,8.93121693121693,0.6341463414634146
AS Raut,16.0,194.0,172.0,112.79069767441861,0.0,30.0,45.0,9.0,1.127906976744186
AS Roy,6.0,26.0,24.0,108.33333333333333,6.0,142.0,191.0,8.070422535211268,1.0833333333333333
AS Yadav,6.0,49.0,40.0,122.50000000000001,0.0,0.0,0.0,0.0,1.225
AT Carey,3.0,32.0,29.0,110.34482758620689,0.0,0.0,0.0,0.0,1.103448275862069
AT Rayudu,185.0,4348.0,3490.0,124.58452722063038,0.0,0.0,0.0,0.0,1.2766666666666666
AU Rashid,2.0,22.0,17.0,129.41176470588235,2.0,60.0,91.0,9.1,1.2941176470588236
AUK Pathan,7.0,39.0,26.0,150.0,0.0,41.0,63.0,9.21951219512195,1.5
Abdul Basith,1.0,1.0,1.0,100.0,0.0,0.0,0.0,0.0,1.0
Abdul Samad,39.0,579.0,408.0,141.91176470588235,2.0,55.0,113.0,12.327272727272728,1.3866666666666667
Abdur Razzak,1.0,0.0,2.0,0.0,0.0,14.0,29.0,12.42857142857143,0.0
Abhishek Sharma,61.0,1377.0,925.0,148.86486486486484,11.0,278.0,396.0,8.546762589928058,1.8133333333333332
Abishek Porel,16.0,360.0,244.0,147.54098360655738,0.0,0.0,0.0,0.0,1.4754098360655739
Akash Deep,3.0,19.0,12.0,158.33333333333331,8.0,175.0,324.0,11.108571428571429,1.5833333333333333
Akash Madhwal,1.0,4.0,5.0,80.0,22.0,279.0,431.0,9.268817204301076,0.8
Akash Singh,0.0,0.0,0.0,0.0,5.0,141.0,227.0,9.659574468085106,0.0
Aman Hakim Khan,10.0,115.0,109.0,105.50458715596329,0.0,6.0,13.0,13.0,1.055045871559633
Anand Rajan,0.0,0.0,0.0,0.0,10.0,162.0,206.0,7.62962962962963,0.0
Anirudh Singh,4.0,63.0,69.0,91.30434782608695,0.0,0.0,0.0,0.0,0.9130434782608695
Ankit Sharma,10.0,87.0,69.0,126.08695652173914,12.0,375.0,453.0,7.247999999999999,1.2608695652173914
Ankit Soni,3.0,7.0,9.0,77.77777777777779,4.0,112.0,145.0,7.767857142857143,0.7777777777777778
Anmolpreet Singh,9.0,139.0,117.0,118.80341880341881,0.0,0.0,0.0,0.0,1.188034188034188
Anuj Rawat,21.0,318.0,276.0,115.21739130434783,0.0,0.0,0.0,0.0,1.1521739130434783
Anureet Singh,8.0,36.0,47.0,76.59574468085107,21.0,430.0,636.0,8.874418604651163,0.7659574468085106
Arjun Tendulkar,1.0,13.0,9.0,144.44444444444443,4.0,83.0,117.0,8.457831325301205,1.4444444444444444
Arshad Khan,6.0,96.0,67.0,143.28358208955223,6.0,153.0,282.0,11.058823529411764,1.4328358208955223
Arshad Khan (2),1.0,5.0,4.0,125.0,0.0,13.0,25.0,11.538461538461538,1.25
Arshdeep Singh,11.0,29.0,42.0,69.04761904761905,84.0,1453.0,2097.0,8.659325533379215,0.6904761904761905
Ashutosh Sharma,9.0,189.0,118.0,160.16949152542372,0.0,0.0,0.0,0.0,1.6016949152542372
Atharva Taide,9.0,247.0,177.0,139.54802259887003,0.0,1.0,4.0,24.0,1.3954802259887005
Avesh Khan,9.0,41.0,25.0,164.0,81.0,1390.0,2010.0,8.676258992805755,1.64
Azhar Mahmood,21.0,388.0,311.0,124.7588424437299,31.0,552.0,707.0,7.684782608695652,1.22
Azmatullah Omarzai,4.0,42.0,34.0,123.52941176470588,4.0,131.0,194.0,8.885496183206108,1.2352941176470589
B Akhil,11.0,76.0,57.0,133.33333333333331,7.0,193.0,246.0,7.647668393782384,1.3333333333333333
B Chipli,21.0,280.0,256.0,109.375,0.0,6.0,20.0,20.0,1.09375
B Geeves,0.0,0.0,0.0,0.0,2.0,49.0,91.0,11.142857142857142,0.0
B Indrajith,3.0,21.0,31.0,67.74193548387096,0.0,0.0,0.0,0.0,0.6774193548387096
B Kumar,65.0,306.0,338.0,90.53254437869822,195.0,4060.0,5051.0,7.464532019704434,0.89
B Laughlin,4.0,5.0,13.0,38.46153846153847,10.0,179.0,284.0,9.5195530726257,0.38461538461538464
B Lee,19.0,124.0,102.0,121.56862745098039,30.0,916.0,1126.0,7.3755458515283845,1.2156862745098038
B Sai Sudharsan,25.0,1034.0,770.0,134.28571428571428,0.0,0.0,0.0,0.0,1.4433333333333334
B Stanlake,1.0,5.0,2.0,250.0,7.0,150.0,200.0,8.0,2.5
B Sumanth,4.0,35.0,38.0,92.10526315789474,0.0,0.0,0.0,0.0,0.9210526315789473
BA Bhatt,2.0,6.0,7.0,85.71428571428571,13.0,303.0,408.0,8.07920792079208,0.8571428571428571
BA Stokes,43.0,935.0,718.0,130.22284122562675,31.0,723.0,1023.0,8.489626556016598,1.25
BAW Mendis,3.0,3.0,6.0,50.0,9.0,248.0,306.0,7.403225806451613,0.5
BB McCullum,109.0,2882.0,2272.0,126.84859154929578,0.0,0.0,0.0,0.0,1.41
BB Samantray,8.0,125.0,116.0,107.75862068965519,0.0,0.0,0.0,0.0,1.0775862068965518
BB Sran,7.0,10.0,14.0,71.42857142857143,20.0,516.0,767.0,8.918604651162791,0.7142857142857143
BCJ Cutting,17.0,238.0,146.0,163.013698630137,12.0,288.0,430.0,8.958333333333334,1.63013698630137
BE Hendricks,2.0,1.0,3.0,33.33333333333333,11.0,157.0,239.0,9.13375796178344,0.3333333333333333
BJ Haddin,1.0,18.0,11.0,163.63636363636365,0.0,0.0,0.0,0.0,1.6363636363636365
BJ Hodge,63.0,1400.0,1153.0,121.42237640936686,18.0,238.0,310.0,7.815126050420169,1.32
BJ Rohrer,8.0,193.0,146.0,132.1917808219178,0.0,7.0,12.0,10.285714285714285,1.321917808219178
BMAJ Mendis,3.0,23.0,27.0,85.18518518518519,1.0,30.0,36.0,7.199999999999999,0.8518518518518519
BR Dunk,3.0,40.0,36.0,111.11111111111111,0.0,0.0,0.0,0.0,1.1111111111111112
BR Sharath,1.0,2.0,5.0,40.0,0.0,0.0,0.0,0.0,0.4
BW Hilfenhaus,0.0,0.0,0.0,0.0,23.0,390.0,497.0,7.646153846153846,0.0
Basil Thampi,7.0,32.0,37.0,86.48648648648648,26.0,539.0,862.0,9.595547309833023,0.8648648648648649
Bipul Sharma,17.0,187.0,124.0,150.80645161290323,22.0,436.0,581.0,7.9954128440366965,1.5080645161290323
C Ganapathy,0.0,0.0,0.0,0.0,0.0,6.0,13.0,13.0,0.0
C Green,28.0,707.0,472.0,149.78813559322032,20.0,462.0,675.0,8.766233766233768,1.49
C Madan,1.0,15.0,21.0,71.42857142857143,0.0,0.0,0.0,0.0,0.7142857142857143
C Munro,11.0,177.0,144.0,122.91666666666667,0.0,12.0,15.0,7.5,1.2291666666666667
C Nanda,1.0,0.0,1.0,0.0,2.0,50.0,58.0,6.959999999999999,0.0
C Sakariya,7.0,20.0,31.0,64.51612903225806,20.0,460.0,610.0,7.956521739130434,0.6451612903225806
C de Grandhomme,21.0,303.0,229.0,132.31441048034935,7.0,230.0,323.0,8.42608695652174,1.3231441048034935
CA Ingram,15.0,205.0,183.0,112.02185792349727,0.0,0.0,0.0,0.0,1.1202185792349726
CA Lynn,42.0,1329.0,974.0,136.4476386036961,0.0,0.0,0.0,0.0,1.4166666666666667
CA Pujara,22.0,390.0,403.0,96.7741935483871,0.0,0.0,0.0,0.0,0.9733333333333334
CH Gayle,141.0,4997.0,3516.0,142.1217292377702,19.0,584.0,755.0,7.756849315068493,1.2966666666666666
CH Morris,49.0,618.0,413.0,149.636803874092,107.0,1801.0,2377.0,7.918933925596891,1.4333333333333333
CJ Anderson,29.0,538.0,436.0,123.39449541284404,14.0,315.0,525.0,10.0,1.2633333333333334
CJ Dala,0.0,0.0,0.0,0.0,0.0,19.0,34.0,10.736842105263158,0.0
CJ Ferguson,8.0,98.0,119.0,82.35294117647058,0.0,0.0,0.0,0.0,0.8235294117647058
CJ Green,0.0,0.0,0.0,0.0,0.0,17.0,24.0,8.470588235294118,0.0
CJ Jordan,12.0,81.0,81.0,100.0,36.0,717.0,1111.0,9.297071129707113,1.0
CJ McKay,1.0,8.0,15.0,53.333333333333336,1.0,42.0,60.0,8.571428571428571,0.5333333333333333
CK Kapugedera,3.0,16.0,24.0,66.66666666666666,0.0,17.0,49.0,17.294117647058822,0.6666666666666666
CK Langeveldt,2.0,8.0,9.0,88.88888888888889,13.0,165.0,199.0,7.236363636363636,0.8888888888888888
CL White,45.0,971.0,774.0,125.45219638242895,1.0,46.0,86.0,11.217391304347826,1.2
CM Gautam,13.0,169.0,158.0,106.9620253164557,0.0,0.0,0.0,0.0,1.0696202531645569
CR Brathwaite,14.0,181.0,120.0,150.83333333333334,16.0,266.0,384.0,8.661654135338345,1.5083333333333333
CR Woakes,12.0,78.0,77.0,101.29870129870129,31.0,463.0,674.0,8.734341252699783,1.0129870129870129
CRD Fernando,2.0,4.0,3.0,133.33333333333331,19.0,249.0,306.0,7.373493975903614,1.3333333333333333
CV Varun,10.0,25.0,49.0,51.02040816326531,85.0,1624.0,2042.0,7.544334975369457,0.5102040816326531
D Brevis,10.0,230.0,176.0,130.6818181818182,1.0,3.0,8.0,16.0,1.3068181818181819
D Ferreira,2.0,8.0,11.0,72.72727272727273,0.0,0.0,0.0,0.0,0.7272727272727273
D Jansen,0.0,0.0,0.0,0.0,1.0,28.0,53.0,11.357142857142858,0.0
D Kalyankrishna,1.0,3.0,8.0,37.5,2.0,50.0,88.0,10.56,0.375
D Padikkal,64.0,1559.0,1323.0,117.83824640967498,0.0,0.0,0.0,0.0,1.0966666666666667
D Pretorius,5.0,44.0,28.0,157.14285714285714,7.0,166.0,242.0,8.746987951807228,1.5714285714285714
D Salunkhe,3.0,33.0,24.0,137.5,1.0,51.0,80.0,9.411764705882353,1.375
D Wiese,11.0,148.0,105.0,140.95238095238096,17.0,307.0,447.0,8.73615635179153,1.4095238095238096
D du Preez,1.0,10.0,13.0,76.92307692307693,4.0,43.0,56.0,7.813953488372094,0.7692307692307693
DA Miller,123.0,2924.0,2171.0,134.68447719944726,0.0,0.0,0.0,0.0,1.42
DA Warner,184.0,6567.0,4849.0,135.4299855640338,0.0,2.0,2.0,6.0,1.3633333333333333
DAJ Bracewell,1.0,12.0,9.0,133.33333333333331,3.0,25.0,32.0,7.68,1.3333333333333333
DB Das,22.0,304.0,267.0,113.85767790262172,0.0,0.0,0.0,0.0,1.1385767790262171
DB Ravi Teja,25.0,375.0,325.0,115.38461538461537,1.0,18.0,28.0,9.333333333333334,1.1466666666666667
DE Bollinger,4.0,21.0,23.0,91.30434782608695,43.0,600.0,716.0,7.16,0.9130434782608695
DG Nalkande,2.0,12.0,12.0,100.0,6.0,89.0,150.0,10.112359550561797,1.0
DH Yagnik,17.0,170.0,142.0,119.71830985915493,0.0,0.0,0.0,0.0,1.1971830985915493
DJ Bravo,110.0,1560.0,1247.0,125.10024057738573,207.0,3296.0,4436.0,8.075242718446603,1.3166666666666667
DJ Harris,4.0,111.0,103.0,107.76699029126213,0.0,18.0,26.0,8.666666666666666,1.0776699029126213
DJ Hooda,96.0,1466.0,1170.0,125.2991452991453,10.0,384.0,535.0,8.359375,1.21
DJ Hussey,61.0,1322.0,1101.0,120.07266121707538,10.0,323.0,485.0,9.009287925696594,1.16
DJ Jacobs,7.0,92.0,101.0,91.0891089108911,0.0,0.0,0.0,0.0,0.9108910891089109
DJ Malan,1.0,26.0,26.0,100.0,0.0,0.0,0.0,0.0,1.0
DJ Mitchell,15.0,351.0,274.0,128.1021897810219,1.0,51.0,97.0,11.411764705882351,1.281021897810219
DJ Muthuswami,1.0,1.0,3.0,33.33333333333333,4.0,84.0,108.0,7.714285714285715,0.3333333333333333
DJ Thornely,4.0,39.0,54.0,72.22222222222221,3.0,44.0,40.0,5.454545454545454,0.7222222222222222
DJ Willey,5.0,53.0,64.0,82.8125,7.0,221.0,277.0,7.520361990950226,0.828125
DJG Sammy,20.0,295.0,251.0,117.52988047808766,14.0,244.0,354.0,8.704918032786885,1.1752988047808766
DJM Short,7.0,115.0,102.0,112.74509803921569,1.0,18.0,23.0,7.666666666666666,1.1274509803921569
DL Chahar,12.0,80.0,61.0,131.14754098360655,79.0,1746.0,2243.0,7.70790378006873,1.3114754098360655
DL Vettori,16.0,121.0,118.0,102.54237288135593,34.0,785.0,894.0,6.83312101910828,1.0254237288135593
DM Bravo,1.0,6.0,5.0,120.0,0.0,0.0,0.0,0.0,1.2
DNT Zoysa,2.0,11.0,9.0,122.22222222222223,2.0,69.0,100.0,8.695652173913043,1.2222222222222223
DP Conway,22.0,924.0,669.0,138.11659192825113,0.0,0.0,0.0,0.0,1.3333333333333333
DP Nannes,2.0,4.0,13.0,30.76923076923077,38.0,689.0,815.0,7.097242380261249,0.3076923076923077
DP Vijaykumar,1.0,1.0,1.0,100.0,4.0,159.0,205.0,7.735849056603773,1.0
DPMD Jayawardene,78.0,1808.0,1522.0,118.7910643889619,0.0,0.0,0.0,0.0,1.03
DR Martyn,1.0,19.0,26.0,73.07692307692307,0.0,0.0,0.0,0.0,0.7307692307692307
DR Sams,13.0,44.0,48.0,91.66666666666666,15.0,389.0,528.0,8.143958868894602,0.9166666666666666
DR Shorey,2.0,13.0,20.0,65.0,0.0,0.0,0.0,0.0,0.65
DR Smith,88.0,2385.0,1803.0,132.27953410981698,27.0,557.0,825.0,8.88689407540395,1.4066666666666667
DS Kulkarni,20.0,104.0,113.0,92.03539823008849,91.0,1876.0,2513.0,8.037313432835822,0.9203539823008849
DS Lehmann,2.0,18.0,19.0,94.73684210526315,0.0,0.0,0.0,0.0,0.9473684210526315
DT Christian,41.0,460.0,408.0,112.74509803921569,40.0,922.0,1218.0,7.926247288503254,1.0533333333333332
DT Patil,2.0,13.0,13.0,100.0,0.0,0.0,0.0,0.0,1.0
DW Steyn,33.0,167.0,163.0,102.45398773006136,105.0,2282.0,2583.0,6.791411042944785,1.0245398773006136
Dhruv Jurel,22.0,347.0,237.0,146.41350210970467,0.0,0.0,0.0,0.0,1.4641350210970465
E Lewis,26.0,654.0,499.0,131.06212424849699,0.0,0.0,0.0,0.0,1.3333333333333333
EJG Morgan,74.0,1406.0,1181.0,119.05165114309906,0.0,0.0,0.0,0.0,1.1433333333333333
ER Dwivedi,2.0,24.0,15.0,160.0,0.0,0.0,0.0,0.0,1.6
F Behardien,3.0,14.0,13.0,107.6923076923077,0.0,0.0,0.0,0.0,1.0769230769230769
F du Plessis,138.0,4571.0,3435.0,133.07132459970887,0.0,6.0,16.0,16.0,1.5966666666666667
FA Allen,3.0,14.0,19.0,73.68421052631578,2.0,91.0,136.0,8.967032967032967,0.7368421052631579
FH Edwards,2.0,4.0,5.0,80.0,6.0,150.0,160.0,6.4,0.8
FY Fazal,11.0,183.0,179.0,102.23463687150837,1.0,12.0,20.0,10.0,1.0223463687150838
Fazalhaq Farooqi,2.0,3.0,13.0,23.076923076923077,6.0,162.0,229.0,8.481481481481481,0.23076923076923078
G Coetzee,5.0,14.0,22.0,63.63636363636363,13.0,216.0,357.0,9.916666666666666,0.6363636363636364
G Gambhir,151.0,4217.0,3524.0,119.66515323496027,0.0,0.0,0.0,0.0,1.0766666666666667
GB Hogg,4.0,22.0,22.0,100.0,25.0,466.0,585.0,7.532188841201716,1.0
GC Smith,29.0,739.0,691.0,106.9464544138929,0.0,0.0,0.0,0.0,0.98
GC Viljoen,3.0,3.0,7.0,42.857142857142854,8.0,146.0,229.0,9.41095890410959,0.42857142857142855
GD McGrath,2.0,4.0,5.0,80.0,14.0,329.0,366.0,6.674772036474164,0.8
GD Phillips,8.0,65.0,55.0,118.18181818181819,2.0,31.0,40.0,7.741935483870968,1.1818181818181819
GH Vihari,23.0,284.0,331.0,85.80060422960725,1.0,43.0,48.0,6.697674418604651,0.8733333333333333
GHS Garton,2.0,2.0,4.0,50.0,3.0,97.0,136.0,8.412371134020617,0.5
GJ Bailey,36.0,663.0,552.0,120.1086956521739,0.0,0.0,0.0,0.0,1.1533333333333333
GJ Maxwell,128.0,2772.0,1842.0,150.4885993485342,41.0,965.0,1311.0,8.151295336787564,1.6633333333333333
GR Napier,1.0,15.0,16.0,93.75,1.0,24.0,28.0,7.0,0.9375
GS Sandhu,0.0,0.0,0.0,0.0,1.0,48.0,86.0,10.75,0.0
Gagandeep Singh,0.0,0.0,0.0,0.0,3.0,84.0,142.0,10.142857142857142,0.0
Gulbadin Naib,1.0,19.0,15.0,126.66666666666666,0.0,6.0,12.0,12.0,1.2666666666666666
Gurkeerat Singh,32.0,511.0,436.0,117.20183486238531,5.0,82.0,97.0,7.097560975609756,1.09
Gurnoor Brar,0.0,0.0,0.0,0.0,0.0,21.0,42.0,12.0,0.0
H Das,1.0,2.0,5.0,40.0,0.0,0.0,0.0,0.0,0.4
H Klaasen,32.0,993.0,613.0,161.99021207177816,0.0,0.0,0.0,0.0,1.63
H Sharma,0.0,0.0,0.0,0.0,0.0,30.0,62.0,12.400000000000002,0.0
HC Brook,11.0,190.0,159.0,119.49685534591194,0.0,0.0,0.0,0.0,1.1949685534591195
HE van der Dussen,3.0,22.0,25.0,88.0,0.0,0.0,0.0,0.0,0.88
HF Gurney,1.0,1.0,5.0,20.0,7.0,169.0,239.0,8.485207100591715,0.2
HH Gibbs,36.0,886.0,837.0,105.8542413381123,0.0,0.0,0.0,0.0,1.0733333333333333
HH Pandya,128.0,2534.0,1814.0,139.69128996692393,70.0,1485.0,2196.0,8.872727272727273,1.4633333333333334
HM Amla,16.0,577.0,418.0,138.03827751196172,0.0,0.0,0.0,0.0,1.4033333333333333
HR Shokeen,5.0,66.0,67.0,98.50746268656717,5.0,213.0,320.0,9.014084507042252,0.9850746268656716
HV Patel,37.0,249.0,214.0,116.35514018691589,151.0,2284.0,3215.0,8.44570928196147,1.1635514018691588
Harbhajan Singh,88.0,833.0,636.0,130.9748427672956,161.0,3496.0,4101.0,7.038329519450801,1.13
Harmeet Singh,4.0,18.0,12.0,150.0,31.0,574.0,747.0,7.80836236933798,1.5
Harpreet Brar,24.0,233.0,201.0,115.92039800995025,25.0,692.0,907.0,7.864161849710983,1.1592039800995024
Harpreet Singh,8.0,123.0,119.0,103.36134453781514,0.0,0.0,0.0,0.0,1.0336134453781514
Harshit Rana,3.0,2.0,3.0,66.66666666666666,27.0,403.0,590.0,8.784119106699752,0.6666666666666666
I Malhotra,1.0,7.0,4.0,175.0,0.0,6.0,23.0,23.0,1.75
I Sharma,21.0,57.0,71.0,80.28169014084507,96.0,2429.0,3255.0,8.040345821325648,0.8028169014084507
I Udana,4.0,15.0,11.0,136.36363636363635,8.0,182.0,286.0,9.428571428571429,1.3636363636363635
IC Pandey,1.0,0.0,2.0,0.0,19.0,469.0,609.0,7.791044776119403,0.0
IC Porel,0.0,0.0,0.0,0.0,1.0,26.0,42.0,9.692307692307693,0.0
IK Pathan,82.0,1150.0,985.0,116.75126903553299,99.0,2113.0,2711.0,7.698059630856601,1.0133333333333334
IR Jaggi,7.0,76.0,100.0,76.0,0.0,0.0,0.0,0.0,0.76
IS Sodhi,2.0,7.0,18.0,38.88888888888889,9.0,182.0,204.0,6.725274725274725,0.3888888888888889
Imran Tahir,8.0,33.0,37.0,89.1891891891892,86.0,1340.0,1729.0,7.741791044776119,0.8918918918918919
Iqbal Abdulla,13.0,88.0,86.0,102.32558139534885,45.0,943.0,1125.0,7.158006362672323,1.0232558139534884
Ishan Kishan,99.0,2644.0,1991.0,132.79758915118032,0.0,0.0,0.0,0.0,1.4333333333333333
J Arunkumar,3.0,23.0,24.0,95.83333333333334,0.0,0.0,0.0,0.0,0.9583333333333334
J Botha,28.0,409.0,364.0,112.36263736263736,27.0,709.0,818.0,6.922425952045134,1.1233333333333333
J Fraser-McGurk,9.0,330.0,150.0,220.00000000000003,0.0,0.0,0.0,0.0,2.2
J Little,0.0,0.0,0.0,0.0,13.0,236.0,341.0,8.669491525423728,0.0
J Suchith,9.0,70.0,62.0,112.90322580645163,20.0,434.0,604.0,8.350230414746544,1.1290322580645162
J Syed Mohammad,5.0,29.0,27.0,107.40740740740742,10.0,196.0,286.0,8.755102040816325,1.0740740740740742
J Theron,4.0,10.0,13.0,76.92307692307693,13.0,235.0,311.0,7.940425531914894,0.7692307692307693
J Yadav,4.0,40.0,38.0,105.26315789473684,9.0,398.0,447.0,6.738693467336684,1.0526315789473684
JA Morkel,67.0,975.0,712.0,136.93820224719101,96.0,1807.0,2409.0,7.998893193137797,1.2966666666666666
JA Richardson,3.0,17.0,27.0,62.96296296296296,3.0,94.0,162.0,10.340425531914892,0.6296296296296297
JC Archer,23.0,199.0,132.0,150.75757575757575,49.0,987.0,1210.0,7.355623100303951,1.5075757575757576
JC Buttler,106.0,3583.0,2519.0,142.23898372369987,0.0,0.0,0.0,0.0,1.31
JD Ryder,29.0,604.0,466.0,129.6137339055794,11.0,241.0,314.0,7.817427385892117,1.1966666666666668
JD Unadkat,27.0,197.0,170.0,115.88235294117648,109.0,2194.0,3219.0,8.80309936189608,1.1588235294117648
JDP Oram,11.0,106.0,110.0,96.36363636363636,13.0,244.0,362.0,8.901639344262295,0.9636363636363636
JDS Neesham,10.0,92.0,93.0,98.9247311827957,8.0,222.0,342.0,9.243243243243244,0.989247311827957
JE Root,1.0,10.0,15.0,66.66666666666666,0.0,12.0,15.0,7.5,0.6666666666666666
JE Taylor,2.0,3.0,4.0,75.0,6.0,122.0,167.0,8.213114754098362,0.75
JEC Franklin,16.0,327.0,309.0,105.8252427184466,9.0,155.0,225.0,8.70967741935484,1.0566666666666666
JH Kallis,95.0,2427.0,2291.0,105.93627237014405,74.0,1799.0,2348.0,7.8310172317954425,0.9733333333333334
JJ Bumrah,26.0,68.0,80.0,85.0,182.0,3185.0,3840.0,7.233908948194662,0.85
JJ Roy,21.0,614.0,460.0,133.47826086956522,0.0,0.0,0.0,0.0,1.3366666666666667
JJ van der Wath,3.0,18.0,17.0,105.88235294117648,3.0,76.0,134.0,10.578947368421051,1.0588235294117647
JL Denly,1.0,0.0,1.0,0.0,0.0,0.0,0.0,0.0,0.0
JL Pattinson,2.0,15.0,13.0,115.38461538461537,11.0,222.0,321.0,8.675675675675677,1.1538461538461537
JM Bairstow,50.0,1589.0,1132.0,140.37102473498234,0.0,0.0,0.0,0.0,1.57
JM Kemp,2.0,26.0,25.0,104.0,3.0,47.0,58.0,7.404255319148936,1.04
JM Sharma,36.0,730.0,501.0,145.70858283433134,0.0,0.0,0.0,0.0,1.43
JO Holder,27.0,259.0,217.0,119.35483870967742,59.0,1049.0,1489.0,8.516682554814109,1.1935483870967742
JP Behrendorff,2.0,6.0,9.0,66.66666666666666,22.0,379.0,563.0,8.91292875989446,0.6666666666666666
JP Duminy,75.0,2029.0,1680.0,120.77380952380952,23.0,701.0,847.0,7.249643366619115,1.2
JP Faulkner,45.0,527.0,406.0,129.80295566502463,76.0,1287.0,1849.0,8.620046620046619,1.3166666666666667
JPR Scantlebury-Searles,2.0,8.0,6.0,133.33333333333331,2.0,45.0,89.0,11.866666666666667,1.3333333333333333
JR Hazlewood,6.0,19.0,29.0,65.51724137931035,36.0,622.0,830.0,8.006430868167202,0.6551724137931034
JR Hopes,19.0,417.0,314.0,132.80254777070064,14.0,369.0,562.0,9.138211382113822,1.2833333333333334
JR Philippe,5.0,78.0,80.0,97.5,0.0,0.0,0.0,0.0,0.975
JW Hastings,0.0,0.0,0.0,0.0,3.0,61.0,66.0,6.491803278688526,0.0
Jalaj S Saxena,0.0,0.0,0.0,0.0,0.0,18.0,27.0,9.0,0.0
Jaskaran Singh,4.0,8.0,11.0,72.72727272727273,6.0,111.0,174.0,9.405405405405405,0.7272727272727273
Joginder Sharma,5.0,36.0,30.0,120.0,13.0,272.0,421.0,9.286764705882353,1.2
K Goel,16.0,218.0,239.0,91.21338912133892,0.0,67.0,94.0,8.417910447761194,0.9121338912133892
K Gowtham,27.0,247.0,159.0,155.34591194968556,22.0,599.0,825.0,8.263772954924875,1.5534591194968554
K Kartikeya,2.0,9.0,13.0,69.23076923076923,10.0,241.0,334.0,8.315352697095435,0.6923076923076923
K Khejroliya,0.0,0.0,0.0,0.0,5.0,129.0,221.0,10.279069767441861,0.0
K Rabada,28.0,206.0,207.0,99.51690821256038,126.0,1907.0,2652.0,8.343995804929207,0.9951690821256038
K Santokie,0.0,0.0,0.0,0.0,3.0,51.0,91.0,10.705882352941178,0.0
K Upadhyay,2.0,12.0,9.0,133.33333333333331,0.0,56.0,81.0,8.678571428571429,1.3333333333333333
K Yadav,1.0,0.0,4.0,0.0,2.0,54.0,85.0,9.444444444444445,0.0
KA Jamieson,7.0,65.0,55.0,118.18181818181819,9.0,179.0,271.0,9.083798882681563,1.1818181818181819
KA Maharaj,1.0,1.0,2.0,50.0,2.0,36.0,39.0,6.5,0.5
KA Pollard,168.0,3437.0,2447.0,140.45770331017573,81.0,1586.0,2200.0,8.32282471626734,1.1733333333333333
KAJ Roach,1.0,10.0,9.0,111.11111111111111,0.0,52.0,80.0,9.230769230769232,1.1111111111111112
KB Arun Karthik,8.0,51.0,53.0,96.22641509433963,0.0,0.0,0.0,0.0,0.9622641509433962
KC Cariappa,5.0,24.0,21.0,114.28571428571428,8.0,224.0,349.0,9.348214285714285,1.1428571428571428
KC Sangakkara,68.0,1687.0,1424.0,118.4691011235955,0.0,0.0,0.0,0.0,1.0033333333333334
KD Karthik,233.0,4843.0,3687.0,131.35340385136968,0.0,0.0,0.0,0.0,1.5533333333333332
KH Pandya,107.0,1647.0,1287.0,127.97202797202797,80.0,2183.0,2644.0,7.267063673843334,1.1166666666666667
KJ Abbott,3.0,13.0,8.0,162.5,2.0,102.0,182.0,10.705882352941178,1.625
KK Ahmed,5.0,1.0,7.0,14.285714285714285,78.0,1345.0,1918.0,8.556133828996284,0.14285714285714285
KK Cooper,12.0,116.0,70.0,165.71428571428572,36.0,600.0,789.0,7.89,1.6571428571428573
KK Nair,68.0,1496.0,1192.0,125.503355704698,0.0,0.0,0.0,0.0,1.2766666666666666
KL Nagarkoti,7.0,22.0,34.0,64.70588235294117,5.0,185.0,287.0,9.308108108108108,0.6470588235294118
KL Rahul,122.0,4689.0,3578.0,131.05086640581328,0.0,0.0,0.0,0.0,1.32
KM Asif,1.0,0.0,2.0,0.0,7.0,143.0,232.0,9.734265734265733,0.0
KM Jadhav,81.0,1208.0,1012.0,119.36758893280633,0.0,0.0,0.0,0.0,0.9533333333333334
KMA Paul,5.0,18.0,26.0,69.23076923076923,10.0,180.0,239.0,7.966666666666667,0.6923076923076923
KMDN Kulasekara,1.0,5.0,3.0,166.66666666666669,6.0,107.0,122.0,6.841121495327102,1.6666666666666667
KP Appanna,3.0,2.0,4.0,50.0,11.0,222.0,291.0,7.864864864864865,0.5
KP Pietersen,36.0,1001.0,758.0,132.05804749340368,9.0,180.0,218.0,7.266666666666666,1.2233333333333334
KR Mayers,13.0,379.0,276.0,137.31884057971016,0.0,46.0,59.0,7.695652173913043,1.3731884057971016
KR Sen,1.0,0.0,3.0,0.0,14.0,255.0,396.0,9.31764705882353,0.0
KS Bharat,8.0,199.0,168.0,118.45238095238095,0.0,0.0,0.0,0.0,1.1845238095238095
KS Sharma,3.0,16.0,25.0,64.0,0.0,0.0,0.0,0.0,0.64
KS Williamson,76.0,2132.0,1734.0,122.95271049596307,0.0,18.0,31.0,10.333333333333334,0.9233333333333333
KT Maphaka,0.0,0.0,0.0,0.0,1.0,39.0,90.0,13.846153846153845,0.0
KV Sharma,39.0,351.0,306.0,114.70588235294117,82.0,1520.0,2130.0,8.407894736842106,1.1633333333333333
KW Richardson,4.0,36.0,39.0,92.3076923076923,21.0,345.0,479.0,8.330434782608695,0.9230769230769231
Kamran Akmal,6.0,128.0,78.0,164.1025641025641,0.0,0.0,0.0,0.0,1.641025641025641
Kamran Khan,1.0,3.0,5.0,60.0,14.0,177.0,248.0,8.406779661016948,0.6
Karanveer Singh,4.0,12.0,17.0,70.58823529411765,14.0,213.0,323.0,9.098591549295774,0.7058823529411765
Kartik Tyagi,6.0,13.0,16.0,81.25,16.0,458.0,720.0,9.432314410480348,0.8125
Kuldeep Yadav,32.0,183.0,224.0,81.69642857142857,90.0,1786.0,2413.0,8.106382978723403,0.8169642857142857
Kumar Kushagra,3.0,3.0,7.0,42.857142857142854,0.0,0.0,0.0,0.0,0.42857142857142855
L Ablish,1.0,0.0,2.0,0.0,5.0,45.0,76.0,10.133333333333333,0.0
L Balaji,13.0,36.0,50.0,72.0,85.0,1574.0,2083.0,7.940279542566708,0.72
L Ngidi,0.0,0.0,0.0,0.0,28.0,342.0,460.0,8.070175438596491,0.0
L Ronchi,5.0,34.0,37.0,91.8918918918919,0.0,0.0,0.0,0.0,0.918918918918919
L Wood,1.0,9.0,3.0,300.0,1.0,38.0,94.0,14.842105263157896,3.0
LA Carseldine,5.0,81.0,71.0,114.08450704225352,1.0,7.0,6.0,5.142857142857142,1.1408450704225352
LA Pomersbach,16.0,302.0,251.0,120.3187250996016,0.0,0.0,0.0,0.0,1.203187250996016
LB Williams,1.0,1.0,2.0,50.0,1.0,42.0,74.0,10.571428571428571,0.5
LE Plunkett,2.0,1.0,3.0,33.33333333333333,4.0,154.0,228.0,8.883116883116884,0.3333333333333333
LH Ferguson,7.0,68.0,48.0,141.66666666666669,57.0,1002.0,1451.0,8.688622754491018,1.4166666666666667
LI Meriwala,0.0,0.0,0.0,0.0,1.0,19.0,32.0,10.105263157894736,0.0
LJ Wright,5.0,106.0,63.0,168.25396825396825,2.0,75.0,125.0,10.0,1.6825396825396826
LMP Simmons,29.0,1079.0,878.0,122.89293849658314,1.0,18.0,34.0,11.333333333333332,1.19
LPC Silva,3.0,40.0,27.0,148.14814814814815,0.0,6.0,21.0,21.0,1.4814814814814814
LR Shukla,33.0,405.0,358.0,113.12849162011173,17.0,326.0,458.0,8.429447852760736,1.11
LRPL Taylor,54.0,1017.0,847.0,120.07083825265643,0.0,13.0,24.0,11.076923076923077,0.9933333333333333
LS Livingstone,39.0,939.0,609.0,154.1871921182266,11.0,267.0,395.0,8.876404494382022,1.5633333333333332
Lalit Yadav,21.0,305.0,301.0,101.32890365448506,11.0,294.0,430.0,8.775510204081634,1.0166666666666666
Liton Das,1.0,4.0,4.0,100.0,0.0,0.0,0.0,0.0,1.0
M Ashwin,12.0,35.0,50.0,70.0,35.0,898.0,1182.0,7.897550111358575,0.7
M Jansen,12.0,66.0,71.0,92.95774647887323,22.0,487.0,732.0,9.018480492813142,0.9295774647887324
M Kaif,22.0,259.0,258.0,100.3875968992248,0.0,0.0,0.0,0.0,1.003875968992248
M Kartik,14.0,113.0,109.0,103.6697247706422,39.0,1182.0,1418.0,7.197969543147208,1.036697247706422
M Klinger,4.0,73.0,78.0,93.58974358974359,0.0,0.0,0.0,0.0,0.9358974358974359
M Manhas,38.0,514.0,486.0,105.76131687242798,0.0,42.0,42.0,6.0,1.0433333333333332
M Markande,10.0,48.0,44.0,109.09090909090908,37.0,737.0,1081.0,8.800542740841248,1.0909090909090908
M Morkel,20.0,126.0,93.0,135.48387096774192,88.0,1699.0,2136.0,7.5432607416127135,1.3548387096774193
M Muralitharan,9.0,20.0,30.0,66.66666666666666,67.0,1581.0,1765.0,6.698292220113853,0.6666666666666666
M Ntini,2.0,11.0,19.0,57.89473684210527,8.0,213.0,257.0,7.23943661971831,0.5789473684210527
M Pathirana,0.0,0.0,0.0,0.0,38.0,503.0,617.0,7.359840954274354,0.0
M Prasidh Krishna,7.0,9.0,24.0,37.5,54.0,1231.0,1741.0,8.485783915515842,0.375
M Rawat,11.0,55.0,70.0,78.57142857142857,0.0,0.0,0.0,0.0,0.7857142857142857
M Shahrukh Khan,37.0,553.0,413.0,133.89830508474577,0.0,12.0,16.0,8.0,1.3766666666666667
M Siddharth,0.0,0.0,0.0,0.0,1.0,58.0,72.0,7.448275862068966,0.0
M Theekshana,2.0,7.0,7.0,100.0,25.0,631.0,814.0,7.740095087163233,1.0
M Vijay,105.0,2619.0,2208.0,118.61413043478262,0.0,37.0,49.0,7.945945945945946,1.17
M Vohra,51.0,1083.0,863.0,125.49246813441484,0.0,0.0,0.0,0.0,1.2066666666666668
M de Lange,1.0,1.0,2.0,50.0,6.0,116.0,171.0,8.844827586206897,0.5
MA Agarwal,121.0,2669.0,2081.0,128.25564632388276,0.0,0.0,0.0,0.0,1.18
MA Khote,3.0,24.0,22.0,109.09090909090908,2.0,30.0,52.0,10.4,1.0909090909090908
MA Starc,16.0,105.0,109.0,96.3302752293578,59.0,879.0,1175.0,8.020477815699659,0.963302752293578
MA Wood,3.0,12.0,10.0,120.0,11.0,127.0,192.0,9.070866141732283,1.2
MB Parmar,0.0,0.0,0.0,0.0,0.0,19.0,33.0,10.421052631578949,0.0
MC Henriques,54.0,1000.0,801.0,124.84394506866417,46.0,979.0,1302.0,7.9795709908069465,1.3066666666666666
MC Juneja,7.0,125.0,134.0,93.28358208955224,0.0,0.0,0.0,0.0,0.9328358208955224
MD Mishra,17.0,237.0,213.0,111.26760563380283,0.0,0.0,0.0,0.0,1.1126760563380282
MD Shanaka,3.0,26.0,26.0,100.0,0.0,0.0,0.0,0.0,1.0
MDKJ Perera,2.0,14.0,13.0,107.6923076923077,0.0,0.0,0.0,0.0,1.0769230769230769
MEK Hussey,58.0,1977.0,1648.0,119.96359223300972,0.0,0.0,0.0,0.0,1.1366666666666667
MF Maharoof,14.0,177.0,124.0,142.74193548387098,33.0,441.0,532.0,7.238095238095237,1.4274193548387097
MG Bracewell,4.0,58.0,49.0,118.36734693877551,6.0,66.0,95.0,8.636363636363637,1.183673469387755
MG Johnson,28.0,167.0,168.0,99.40476190476191,66.0,1301.0,1740.0,8.024596464258263,0.9940476190476191
MG Neser,0.0,0.0,0.0,0.0,0.0,25.0,62.0,14.879999999999999,0.0
MJ Clarke,6.0,98.0,96.0,102.08333333333333,3.0,66.0,72.0,6.545454545454545,1.0208333333333333
MJ Guptill,13.0,271.0,197.0,137.56345177664974,0.0,0.0,0.0,0.0,1.3756345177664975
MJ Henry,0.0,0.0,0.0,0.0,3.0,105.0,183.0,10.457142857142857,0.0
MJ Lumb,12.0,278.0,198.0,140.4040404040404,0.0,0.0,0.0,0.0,1.404040404040404
MJ McClenaghan,20.0,85.0,73.0,116.43835616438356,75.0,1346.0,1839.0,8.197622585438335,1.1643835616438356
MJ Santner,11.0,70.0,77.0,90.9090909090909,16.0,370.0,428.0,6.940540540540541,0.9090909090909091
MJ Suthar,1.0,1.0,2.0,50.0,0.0,12.0,26.0,13.0,0.5
MK Lomror,35.0,527.0,389.0,135.47557840616966,2.0,94.0,127.0,8.106382978723403,1.4233333333333333
MK Pandey,158.0,3859.0,3288.0,117.36618004866179,0.0,0.0,0.0,0.0,1.05
MK Tiwary,83.0,1695.0,1489.0,113.83478844862324,1.0,45.0,83.0,11.066666666666666,1.27
ML Hayden,32.0,1107.0,839.0,131.94278903456495,0.0,0.0,0.0,0.0,1.17
MM Ali,57.0,1162.0,849.0,136.86690223792698,40.0,770.0,900.0,7.012987012987013,1.3166666666666667
MM Patel,12.0,39.0,41.0,95.1219512195122,82.0,1382.0,1733.0,7.523878437047757,0.9512195121951219
MM Sharma,28.0,124.0,137.0,90.51094890510949,147.0,2308.0,3278.0,8.521663778162912,0.9051094890510949
MN Samuels,14.0,161.0,174.0,92.52873563218391,10.0,219.0,285.0,7.808219178082192,0.9252873563218391
MN van Wyk,5.0,167.0,135.0,123.7037037037037,0.0,0.0,0.0,0.0,1.237037037037037
MP Stoinis,88.0,1866.0,1366.0,136.60322108345534,45.0,831.0,1300.0,9.386281588447654,1.4266666666666667
MP Yadav,0.0,0.0,0.0,0.0,8.0,76.0,88.0,6.947368421052632,0.0
MR Marsh,36.0,665.0,532.0,125.0,37.0,593.0,803.0,8.124789207419898,1.3766666666666667
MS Bisla,39.0,798.0,737.0,108.27679782903662,0.0,0.0,0.0,0.0,1.04
MS Dhoni,228.0,5243.0,3947.0,132.8350646060299,0.0,0.0,0.0,0.0,1.45
MS Gony,15.0,99.0,76.0,130.26315789473685,39.0,925.0,1317.0,8.542702702702702,1.3026315789473684
MS Wade,14.0,183.0,185.0,98.91891891891892,0.0,0.0,0.0,0.0,0.9891891891891892
MV Boucher,23.0,394.0,318.0,123.89937106918238,0.0,0.0,0.0,0.0,1.2533333333333334
MW Short,6.0,117.0,99.0,118.18181818181819,0.0,25.0,25.0,6.0,1.1818181818181819
Mandeep Singh,97.0,1706.0,1418.0,120.31029619181946,0.0,12.0,26.0,13.0,1.1666666666666667
Mashrafe Mortaza,1.0,2.0,2.0,100.0,1.0,28.0,59.0,12.642857142857142,1.0
Mayank Dagar,1.0,0.0,1.0,0.0,2.0,138.0,205.0,8.91304347826087,0.0
Misbah-ul-Haq,8.0,117.0,82.0,142.6829268292683,0.0,0.0,0.0,0.0,1.4268292682926829
Mohammad Ashraful,1.0,2.0,12.0,16.666666666666664,0.0,0.0,0.0,0.0,0.16666666666666666
Mohammad Asif,2.0,3.0,6.0,50.0,9.0,199.0,307.0,9.256281407035175,0.5
Mohammad Hafeez,8.0,64.0,84.0,76.19047619047619,2.0,63.0,71.0,6.761904761904762,0.7619047619047619
Mohammad Nabi,19.0,221.0,157.0,140.76433121019107,15.0,419.0,527.0,7.5465393794749405,1.4076433121019107
Mohammed Shami,23.0,74.0,82.0,90.2439024390244,144.0,2521.0,3486.0,8.296707655692185,0.9024390243902439
Mohammed Siraj,20.0,109.0,122.0,89.34426229508196,96.0,2081.0,2894.0,8.34406535319558,0.8934426229508197
Mohit Rathee,1.0,1.0,2.0,50.0,0.0,12.0,29.0,14.5,0.5
Mohsin Khan,5.0,25.0,27.0,92.5925925925926,27.0,507.0,698.0,8.2603550295858,0.9259259259259259
Monu Kumar,0.0,0.0,0.0,0.0,0.0,16.0,20.0,7.5,0.0
Mujeeb Ur Rahman,6.0,12.0,15.0,80.0,20.0,452.0,598.0,7.938053097345133,0.8
Mukesh Choudhary,2.0,6.0,6.0,100.0,16.0,298.0,452.0,9.100671140939598,1.0
Mukesh Kumar,5.0,10.0,20.0,50.0,31.0,420.0,707.0,10.1,0.5
Mustafizur Rahman,6.0,13.0,23.0,56.52173913043478,70.0,1353.0,1792.0,7.946784922394679,0.5652173913043478
N Burger,0.0,0.0,0.0,0.0,7.0,105.0,152.0,8.685714285714285,0.0
N Jagadeesan,10.0,162.0,155.0,104.51612903225806,0.0,0.0,0.0,0.0,1.0451612903225806
N Pooran,72.0,1769.0,1143.0,154.7681539807524,0.0,0.0,0.0,0.0,1.67
N Rana,101.0,2636.0,2015.0,130.81885856079404,10.0,185.0,253.0,8.205405405405406,1.36
N Saini,10.0,140.0,143.0,97.9020979020979,0.0,0.0,0.0,0.0,0.9790209790209791
N Thushara,0.0,0.0,0.0,0.0,8.0,172.0,259.0,9.034883720930232,0.0
N Wadhera,16.0,350.0,261.0,134.09961685823754,0.0,12.0,13.0,6.5,1.3409961685823755
NA Saini,0.0,0.0,0.0,0.0,0.0,15.0,35.0,14.0,0.0
NB Singh,0.0,0.0,0.0,0.0,1.0,25.0,18.0,4.32,0.0
ND Doshi,1.0,0.0,13.0,0.0,2.0,57.0,79.0,8.31578947368421,0.0
NJ Maddinson,3.0,20.0,21.0,95.23809523809523,0.0,0.0,0.0,0.0,0.9523809523809523
NJ Rimmington,1.0,1.0,1.0,100.0,0.0,18.0,20.0,6.666666666666667,1.0
NK Patel,6.0,121.0,124.0,97.58064516129032,0.0,0.0,0.0,0.0,0.9758064516129032
NL McCullum,2.0,26.0,23.0,113.04347826086956,0.0,30.0,35.0,7.0,1.1304347826086956
NLTC Perera,30.0,424.0,326.0,130.06134969325154,37.0,715.0,1031.0,8.651748251748252,1.3433333333333333
NM Coulter-Nile,16.0,82.0,75.0,109.33333333333333,52.0,892.0,1125.0,7.5672645739910305,1.0933333333333333
NS Naik,4.0,31.0,53.0,58.490566037735846,0.0,0.0,0.0,0.0,0.5849056603773585
NT Ellis,5.0,19.0,26.0,73.07692307692307,19.0,365.0,514.0,8.449315068493151,0.7307692307692307
NV Ojha,94.0,1554.0,1360.0,114.26470588235293,0.0,0.0,0.0,0.0,1.05
Naman Dhir,7.0,140.0,84.0,166.66666666666669,0.0,29.0,55.0,11.379310344827587,1.6666666666666667
Navdeep Saini,7.0,33.0,38.0,86.8421052631579,26.0,682.0,968.0,8.516129032258064,0.868421052631579
Naveen-ul-Haq,4.0,18.0,26.0,69.23076923076923,26.0,407.0,602.0,8.874692874692874,0.6923076923076923
Nithish Kumar Reddy,11.0,303.0,221.0,137.10407239819006,4.0,118.0,208.0,10.576271186440678,1.3710407239819005
Noor Ahmad,5.0,13.0,18.0,72.22222222222221,24.0,513.0,672.0,7.859649122807017,0.7222222222222222
O Thomas,0.0,0.0,0.0,0.0,5.0,63.0,85.0,8.095238095238095,0.0
OA Shah,22.0,506.0,405.0,124.93827160493827,0.0,0.0,0.0,0.0,1.2333333333333334
OC McCoy,1.0,8.0,5.0,160.0,11.0,180.0,255.0,8.5,1.6
OF Smith,6.0,51.0,50.0,102.0,7.0,95.0,179.0,11.305263157894737,1.02
P Amarnath,0.0,0.0,0.0,0.0,7.0,132.0,241.0,10.954545454545453,0.0
P Awana,5.0,5.0,14.0,35.714285714285715,43.0,774.0,1046.0,8.108527131782946,0.35714285714285715
P Chopra,1.0,8.0,6.0,133.33333333333331,0.0,0.0,0.0,0.0,1.3333333333333333
P Dogra,12.0,127.0,141.0,90.0709219858156,0.0,0.0,0.0,0.0,0.900709219858156
P Dubey,2.0,23.0,33.0,69.6969696969697,1.0,67.0,91.0,8.149253731343283,0.696969696969697
P Kumar,57.0,340.0,323.0,105.26315789473684,102.0,2637.0,3342.0,7.604095563139931,1.06
P Negi,35.0,365.0,301.0,121.26245847176081,38.0,733.0,954.0,7.809004092769442,1.2166666666666666
P Parameswaran,2.0,1.0,3.0,33.33333333333333,9.0,159.0,226.0,8.528301886792452,0.3333333333333333
P Prasanth,0.0,0.0,0.0,0.0,0.0,6.0,18.0,18.0,0.0
P Ray Barman,1.0,19.0,25.0,76.0,0.0,24.0,56.0,14.0,0.76
P Sahu,2.0,19.0,13.0,146.15384615384613,3.0,107.0,152.0,8.523364485981308,1.4615384615384615
P Simran Singh,34.0,756.0,528.0,143.1818181818182,0.0,0.0,0.0,0.0,1.5133333333333334
P Suyal,0.0,0.0,0.0,0.0,2.0,107.0,154.0,8.635514018691588,0.0
PA Patel,136.0,2848.0,2442.0,116.62571662571663,0.0,0.0,0.0,0.0,1.3833333333333333
PA Reddy,10.0,164.0,167.0,98.20359281437125,0.0,0.0,0.0,0.0,0.9820359281437125
PBB Rajapaksa,13.0,277.0,201.0,137.81094527363186,0.0,0.0,0.0,0.0,1.3781094527363185
PC Valthaty,23.0,505.0,432.0,116.89814814814814,7.0,153.0,207.0,8.117647058823529,0.9933333333333333
PD Collingwood,7.0,203.0,159.0,127.67295597484276,5.0,90.0,101.0,6.733333333333333,1.2767295597484276
PD Salt,21.0,653.0,385.0,169.6103896103896,0.0,0.0,0.0,0.0,1.6733333333333333
PH Solanki,0.0,0.0,0.0,0.0,2.0,36.0,39.0,6.5,0.0
PJ Cummins,39.0,515.0,359.0,143.4540389972145,66.0,1370.0,1976.0,8.654014598540146,1.4566666666666668
PJ Sangwan,14.0,26.0,47.0,55.319148936170215,44.0,905.0,1267.0,8.399999999999999,0.5531914893617021
PK Garg,19.0,273.0,247.0,110.5263157894737,0.0,0.0,0.0,0.0,1.105263157894737
PM Sarvesh Kumar,1.0,1.0,2.0,50.0,1.0,31.0,42.0,8.129032258064516,0.5
PN Mankad,5.0,97.0,75.0,129.33333333333331,0.0,0.0,0.0,0.0,1.2933333333333332
PP Chawla,86.0,624.0,580.0,107.58620689655172,201.0,3895.0,5179.0,7.977920410783056,1.0566666666666666
PP Ojha,19.0,16.0,45.0,35.55555555555556,99.0,1945.0,2399.0,7.40051413881748,0.35555555555555557
PP Shaw,79.0,1892.0,1321.0,143.22482967448903,0.0,0.0,0.0,0.0,1.3766666666666667
PR Shah,9.0,92.0,97.0,94.84536082474226,0.0,0.0,0.0,0.0,0.9484536082474226
PSP Handscomb,1.0,6.0,12.0,50.0,0.0,0.0,0.0,0.0,0.5
PV Tambe,6.0,18.0,39.0,46.15384615384615,28.0,674.0,866.0,7.70919881305638,0.46153846153846156
PVD Chameera,7.0,43.0,32.0,134.375,11.0,297.0,442.0,8.92929292929293,1.34375
PWH de Silva,14.0,72.0,80.0,90.0,36.0,557.0,758.0,8.165170556552962,0.9
Pankaj Singh,5.0,7.0,12.0,58.333333333333336,11.0,311.0,472.0,9.106109324758842,0.5833333333333334
Parvez Rasool,4.0,17.0,20.0,85.0,4.0,200.0,273.0,8.19,0.85
Q de Kock,107.0,3160.0,2410.0,131.12033195020746,0.0,0.0,0.0,0.0,1.31
R Ashwin,89.0,800.0,698.0,114.61318051575931,198.0,4679.0,5435.0,6.969437914084207,1.2333333333333334
R Bhatia,47.0,342.0,290.0,117.9310344827586,82.0,1661.0,2059.0,7.437688139674895,1.1793103448275861
R Bishnoi,3.0,19.0,17.0,111.76470588235294,0.0,0.0,0.0,0.0,1.1176470588235294
R Dhawan,22.0,210.0,188.0,111.70212765957446,27.0,693.0,922.0,7.982683982683984,1.1170212765957446
R Dravid,82.0,2174.0,1918.0,113.34723670490095,0.0,0.0,0.0,0.0,1.0833333333333333
R Goyal,0.0,0.0,0.0,0.0,0.0,24.0,34.0,8.5,0.0
R McLaren,13.0,159.0,178.0,89.32584269662921,14.0,372.0,558.0,9.0,0.8932584269662921
R Ninan,1.0,3.0,6.0,50.0,3.0,36.0,65.0,10.833333333333334,0.5
R Parag,58.0,1173.0,909.0,129.04290429042905,5.0,181.0,307.0,10.176795580110497,1.3366666666666667
R Powell,22.0,360.0,254.0,141.73228346456693,1.0,21.0,35.0,10.0,1.4173228346456692
R Rampaul,7.0,51.0,52.0,98.07692307692307,17.0,278.0,319.0,6.884892086330935,0.9807692307692307
R Ravindra,10.0,222.0,146.0,152.05479452054794,0.0,12.0,7.0,3.5,1.5205479452054795
R Sai Kishore,1.0,13.0,6.0,216.66666666666666,13.0,191.0,259.0,8.136125654450261,2.1666666666666665
R Sanjay Yadav,1.0,0.0,2.0,0.0,0.0,14.0,23.0,9.857142857142858,0.0
R Sathish,24.0,270.0,236.0,114.40677966101696,6.0,144.0,233.0,9.708333333333334,1.1440677966101696
R Sharma,19.0,66.0,77.0,85.71428571428571,42.0,935.0,1100.0,7.0588235294117645,0.8571428571428571
R Shepherd,9.0,115.0,68.0,169.11764705882354,6.0,133.0,260.0,11.729323308270676,1.6911764705882353
R Shukla,4.0,19.0,23.0,82.6086956521739,7.0,130.0,217.0,10.015384615384615,0.8260869565217391
R Tewatia,65.0,1013.0,788.0,128.55329949238578,36.0,866.0,1117.0,7.7390300230946885,1.3633333333333333
R Vinay Kumar,42.0,310.0,289.0,107.26643598615917,127.0,2186.0,3041.0,8.346752058554436,1.0726643598615917
RA Bawa,2.0,11.0,14.0,78.57142857142857,0.0,0.0,0.0,0.0,0.7857142857142857
RA Jadeja,180.0,2959.0,2378.0,124.4322960470984,169.0,3895.0,4917.0,7.574326059050064,1.4166666666666667
RA Shaikh,0.0,0.0,0.0,0.0,0.0,6.0,11.0,11.0,0.0
RA Tripathi,93.0,2236.0,1650.0,135.51515151515153,0.0,6.0,12.0,12.0,1.3566666666666667
RD Chahar,22.0,129.0,127.0,101.5748031496063,76.0,1697.0,2165.0,7.65468473777254,1.015748031496063
RD Gaikwad,65.0,2380.0,1781.0,133.63279056709715,0.0,0.0,0.0,0.0,1.4633333333333334
RE Levi,6.0,83.0,74.0,112.16216216216218,0.0,0.0,0.0,0.0,1.1216216216216217
RE van der Merwe,15.0,159.0,144.0,110.41666666666667,25.0,455.0,515.0,6.791208791208791,1.1041666666666667
RG More,1.0,2.0,2.0,100.0,1.0,37.0,63.0,10.216216216216216,1.0
RG Sharma,251.0,6630.0,5183.0,127.91819409608335,16.0,349.0,462.0,7.9426934097421205,1.4166666666666667
RJ Gleeson,1.0,2.0,2.0,100.0,1.0,51.0,72.0,8.470588235294118,1.0
RJ Harris,21.0,117.0,112.0,104.46428571428572,47.0,865.0,1085.0,7.526011560693642,1.0446428571428572
RJ Peterson,5.0,32.0,32.0,100.0,3.0,48.0,70.0,8.75,1.0
RJ Quiney,7.0,103.0,105.0,98.09523809523809,0.0,0.0,0.0,0.0,0.9809523809523809
RJW Topley,1.0,3.0,6.0,50.0,5.0,107.0,182.0,10.205607476635514,0.5
RK Bhui,4.0,10.0,27.0,37.03703703703704,0.0,0.0,0.0,0.0,0.37037037037037035
RK Singh,40.0,893.0,654.0,136.54434250764527,0.0,0.0,0.0,0.0,1.4066666666666667
RM Patidar,24.0,799.0,534.0,149.625468164794,0.0,0.0,0.0,0.0,1.6
RN ten Doeschate,21.0,326.0,238.0,136.9747899159664,3.0,83.0,94.0,6.795180722891567,1.3697478991596639
RP Meredith,2.0,0.0,3.0,0.0,21.0,415.0,621.0,8.978313253012049,0.0
RP Singh,28.0,52.0,78.0,66.66666666666666,100.0,1874.0,2417.0,7.7385272145144075,0.6666666666666666
RR Bhatkal,1.0,0.0,2.0,0.0,0.0,12.0,35.0,17.5,0.0
RR Bose,0.0,0.0,0.0,0.0,0.0,12.0,24.0,12.0,0.0
RR Pant,110.0,3297.0,2296.0,143.59756097560975,0.0,0.0,0.0,0.0,1.49
RR Powar,9.0,67.0,64.0,104.6875,15.0,443.0,538.0,7.28668171557562,1.046875
RR Raje,5.0,20.0,18.0,111.11111111111111,7.0,144.0,214.0,8.916666666666668,1.1111111111111112
RR Rossouw,22.0,473.0,321.0,147.35202492211837,0.0,0.0,0.0,0.0,1.53
RR Sarwan,4.0,73.0,78.0,93.58974358974359,0.0,0.0,0.0,0.0,0.9358974358974359
RS Bopara,22.0,531.0,468.0,113.46153846153845,13.0,213.0,301.0,8.47887323943662,1.1566666666666667
RS Gavaskar,1.0,2.0,8.0,25.0,0.0,6.0,8.0,8.0,0.25
RS Hangargekar,0.0,0.0,0.0,0.0,3.0,43.0,60.0,8.372093023255815,0.0
RS Sodhi,1.0,4.0,2.0,200.0,0.0,0.0,0.0,0.0,2.0
RT Ponting,9.0,91.0,129.0,70.54263565891473,0.0,0.0,0.0,0.0,0.7054263565891473
RV Gomez,9.0,50.0,53.0,94.33962264150944,6.0,97.0,130.0,8.041237113402062,0.9433962264150944
RV Patel,7.0,80.0,76.0,105.26315789473684,0.0,20.0,22.0,6.6000000000000005,1.0526315789473684
RV Uthappa,197.0,4954.0,3927.0,126.15227909345556,0.0,0.0,0.0,0.0,1.27
RW Price,0.0,0.0,0.0,0.0,0.0,18.0,33.0,11.0,0.0
Rahmanullah Gurbaz,13.0,289.0,228.0,126.75438596491229,0.0,0.0,0.0,0.0,1.2675438596491229
Ramandeep Singh,13.0,170.0,106.0,160.37735849056605,6.0,45.0,64.0,8.533333333333333,1.6037735849056605
Rashid Khan,58.0,545.0,355.0,153.52112676056336,157.0,2901.0,3340.0,6.907962771458117,1.5066666666666666
Rasikh Salam,6.0,40.0,40.0,100.0,9.0,207.0,341.0,9.884057971014492,1.0
Ravi Bishnoi,14.0,32.0,52.0,61.53846153846154,68.0,1460.0,1861.0,7.647945205479452,0.6153846153846154
S Anirudha,12.0,136.0,121.0,112.39669421487604,0.0,0.0,0.0,0.0,1.1239669421487604
S Aravind,10.0,59.0,59.0,100.0,48.0,788.0,1057.0,8.048223350253807,1.0
S Badree,5.0,13.0,25.0,52.0,11.0,263.0,329.0,7.505703422053232,0.52
S Badrinath,65.0,1441.0,1245.0,115.74297188755021,0.0,0.0,0.0,0.0,1.0466666666666666
S Chanderpaul,3.0,25.0,33.0,75.75757575757575,0.0,0.0,0.0,0.0,0.7575757575757576
S Dhawan,221.0,6769.0,5483.0,123.45431333211745,4.0,49.0,72.0,8.816326530612246,1.27
S Dube,61.0,1502.0,1077.0,139.46146703806872,6.0,117.0,190.0,9.743589743589745,1.52
S Gopal,22.0,180.0,173.0,104.04624277456647,53.0,1000.0,1358.0,8.148,1.0404624277456647
S Joseph,0.0,0.0,0.0,0.0,0.0,30.0,51.0,10.2,0.0
S Kaul,9.0,20.0,36.0,55.55555555555556,63.0,1238.0,1772.0,8.588045234248789,0.5555555555555556
S Kaushik,1.0,0.0,1.0,0.0,6.0,210.0,304.0,8.685714285714285,0.0
S Ladda,2.0,0.0,10.0,0.0,5.0,141.0,225.0,9.574468085106382,0.0
S Lamichhane,1.0,0.0,1.0,0.0,14.0,211.0,297.0,8.445497630331754,0.0
S Midhun,0.0,0.0,0.0,0.0,0.0,13.0,29.0,13.384615384615385,0.0
S Nadeem,20.0,39.0,88.0,44.31818181818182,54.0,1444.0,1800.0,7.4792243767313025,0.4431818181818182
S Narwal,4.0,37.0,29.0,127.58620689655173,6.0,113.0,203.0,10.778761061946902,1.2758620689655173
S Rana,8.0,91.0,82.0,110.97560975609757,0.0,16.0,18.0,6.75,1.1097560975609757
S Randiv,1.0,2.0,4.0,50.0,8.0,180.0,223.0,7.433333333333334,0.5
S Sandeep Warrier,0.0,0.0,0.0,0.0,8.0,176.0,257.0,8.761363636363637,0.0
S Sohal,20.0,368.0,311.0,118.32797427652733,0.0,0.0,0.0,0.0,1.21
S Sreesanth,12.0,34.0,57.0,59.64912280701754,43.0,947.0,1221.0,7.736008447729672,0.5964912280701754
S Sriram,2.0,31.0,38.0,81.57894736842105,0.0,18.0,49.0,16.333333333333336,0.8157894736842105
S Tyagi,1.0,3.0,4.0,75.0,6.0,220.0,304.0,8.290909090909091,0.75
S Vidyut,8.0,145.0,115.0,126.08695652173914,1.0,13.0,22.0,10.153846153846153,1.2608695652173914
SA Abbott,3.0,22.0,18.0,122.22222222222223,1.0,59.0,104.0,10.576271186440678,1.2222222222222223
SA Asnodkar,19.0,423.0,352.0,120.17045454545455,0.0,0.0,0.0,0.0,1.1433333333333333
SA Yadav,135.0,3594.0,2522.0,142.50594766058683,0.0,6.0,8.0,8.0,1.6266666666666667
SB Bangar,7.0,49.0,58.0,84.48275862068965,6.0,153.0,221.0,8.666666666666666,0.8448275862068966
SB Dubey,3.0,33.0,21.0,157.14285714285714,0.0,0.0,0.0,0.0,1.5714285714285714
SB Jakati,5.0,28.0,30.0,93.33333333333333,50.0,1101.0,1474.0,8.032697547683924,0.9333333333333333
SB Joshi,2.0,6.0,16.0,37.5,1.0,55.0,82.0,8.945454545454545,0.375
SB Styris,10.0,131.0,134.0,97.76119402985076,9.0,222.0,278.0,7.513513513513514,0.9776119402985075
SB Wagh,2.0,2.0,3.0,66.66666666666666,5.0,108.0,147.0,8.166666666666668,0.6666666666666666
SC Ganguly,56.0,1349.0,1326.0,101.73453996983409,12.0,280.0,370.0,7.928571428571429,0.9333333333333333
SC Kuggeleijn,0.0,0.0,0.0,0.0,2.0,50.0,71.0,8.52,0.0
SD Chitnis,8.0,99.0,92.0,107.6086956521739,2.0,38.0,62.0,9.789473684210526,1.076086956521739
SD Hope,9.0,183.0,125.0,146.4,0.0,0.0,0.0,0.0,1.464
SD Lad,1.0,15.0,13.0,115.38461538461537,0.0,0.0,0.0,0.0,1.1538461538461537
SE Bond,1.0,1.0,2.0,50.0,9.0,191.0,225.0,7.068062827225131,0.5
SE Marsh,69.0,2489.0,1913.0,130.10977522216413,0.0,0.0,0.0,0.0,1.3133333333333332
SE Rutherford,9.0,106.0,107.0,99.06542056074767,1.0,46.0,60.0,7.826086956521739,0.9906542056074766
SH Johnson,3.0,6.0,7.0,85.71428571428571,4.0,99.0,155.0,9.393939393939394,0.8571428571428571
SJ Srivastava,4.0,5.0,5.0,100.0,15.0,306.0,444.0,8.705882352941176,1.0
SK Raina,200.0,5536.0,4177.0,132.53531242518554,30.0,930.0,1139.0,7.348387096774193,1.24
SK Trivedi,14.0,42.0,61.0,68.85245901639344,73.0,1557.0,1944.0,7.491329479768787,0.6885245901639344
SK Warne,27.0,198.0,219.0,90.41095890410958,60.0,1223.0,1465.0,7.187244480784955,0.9041095890410958
SL Malinga,20.0,88.0,103.0,85.43689320388349,188.0,2974.0,3486.0,7.032952252858103,0.8543689320388349
SM Boland,0.0,0.0,0.0,0.0,3.0,43.0,56.0,7.813953488372094,0.0
SM Curran,48.0,883.0,673.0,131.2035661218425,62.0,1234.0,1924.0,9.354943273905995,1.1766666666666667
SM Harwood,2.0,9.0,14.0,64.28571428571429,3.0,67.0,74.0,6.6268656716417915,0.6428571428571429
SM Katich,11.0,241.0,191.0,126.17801047120419,0.0,0.0,0.0,0.0,1.2617801047120418
SM Pollock,8.0,147.0,116.0,126.72413793103448,13.0,280.0,307.0,6.578571428571429,1.2672413793103448
SMSM Senanayake,4.0,10.0,17.0,58.82352941176471,9.0,195.0,211.0,6.492307692307692,0.5882352941176471
SN Khan,36.0,585.0,456.0,128.28947368421052,0.0,2.0,6.0,18.0,1.15
SN Thakur,35.0,307.0,228.0,134.64912280701756,100.0,1979.0,2908.0,8.816574027286508,1.3464912280701755
SO Hetmyer,65.0,1243.0,854.0,145.5503512880562,0.0,0.0,0.0,0.0,1.43
SP Fleming,10.0,196.0,171.0,114.61988304093566,0.0,0.0,0.0,0.0,1.1461988304093567
SP Goswami,21.0,293.0,307.0,95.43973941368078,0.0,0.0,0.0,0.0,0.9633333333333334
SP Jackson,8.0,61.0,57.0,107.01754385964912,0.0,0.0,0.0,0.0,1.0701754385964912
SP Narine,106.0,1534.0,984.0,155.8943089430894,200.0,4146.0,4672.0,6.761215629522431,1.65
SPD Smith,93.0,2495.0,1999.0,124.81240620310155,0.0,2.0,5.0,15.0,1.21
SR Tendulkar,78.0,2334.0,2044.0,114.18786692759295,0.0,37.0,59.0,9.567567567567567,1.1433333333333333
SR Watson,141.0,3880.0,2892.0,134.1632088520055,107.0,2137.0,2742.0,7.698642957416939,1.1966666666666668
SS Agarwal,0.0,0.0,0.0,0.0,1.0,24.0,42.0,10.5,0.0
SS Cottrell,1.0,0.0,2.0,0.0,6.0,131.0,177.0,8.106870229007633,0.0
SS Iyer,114.0,3131.0,2545.0,123.02554027504911,0.0,6.0,7.0,7.0,1.41
SS Mundhe,0.0,0.0,0.0,0.0,1.0,7.0,6.0,5.142857142857142,0.0
SS Prabhudessai,10.0,126.0,113.0,111.50442477876106,0.0,0.0,0.0,0.0,1.1150442477876106
SS Sarkar,0.0,0.0,0.0,0.0,1.0,25.0,34.0,8.16,0.0
SS Shaikh,1.0,6.0,7.0,85.71428571428571,0.0,0.0,0.0,0.0,0.8571428571428571
SS Tiwary,73.0,1494.0,1291.0,115.72424477149497,0.0,0.0,0.0,0.0,1.1833333333333333
SSB Magala,0.0,0.0,0.0,0.0,1.0,37.0,52.0,8.432432432432433,0.0
ST Jayasuriya,30.0,768.0,573.0,134.03141361256544,16.0,301.0,396.0,7.893687707641195,1.09
STR Binny,66.0,880.0,700.0,125.71428571428571,28.0,611.0,763.0,7.4926350245499185,1.1666666666666667
SV Samson,162.0,4419.0,3270.0,135.1376146788991,0.0,0.0,0.0,0.0,1.4466666666666668
SW Billings,27.0,503.0,399.0,126.06516290726817,0.0,0.0,0.0,0.0,1.2433333333333334
SW Tait,5.0,23.0,26.0,88.46153846153845,26.0,534.0,668.0,7.50561797752809,0.8846153846153846
SZ Mulani,1.0,1.0,1.0,100.0,0.0,33.0,57.0,10.363636363636363,1.0
Sachin Baby,11.0,144.0,123.0,117.07317073170731,3.0,10.0,8.0,4.800000000000001,1.170731707317073
Salman Butt,7.0,193.0,172.0,112.20930232558139,0.0,0.0,0.0,0.0,1.122093023255814
Sameer Rizvi,5.0,51.0,43.0,118.6046511627907,0.0,0.0,0.0,0.0,1.186046511627907
Sandeep Sharma,25.0,54.0,73.0,73.97260273972603,153.0,2925.0,3758.0,7.708717948717949,0.7397260273972602
Sanvir Singh,5.0,25.0,22.0,113.63636363636364,0.0,0.0,0.0,0.0,1.1363636363636365
Saurav Chauhan,3.0,18.0,16.0,112.5,0.0,0.0,0.0,0.0,1.125
Shahbaz Ahmed,37.0,536.0,467.0,114.77516059957173,21.0,549.0,850.0,9.289617486338798,1.07
Shahid Afridi,9.0,81.0,46.0,176.08695652173913,9.0,185.0,237.0,7.686486486486487,1.7608695652173914
Shakib Al Hasan,52.0,795.0,665.0,119.54887218045114,71.0,1515.0,1864.0,7.3821782178217825,1.1033333333333333
Shashank Singh,19.0,423.0,272.0,155.51470588235296,1.0,19.0,25.0,7.894736842105264,1.5551470588235294
Shivam Mavi,11.0,51.0,58.0,87.93103448275862,33.0,687.0,958.0,8.366812227074236,0.8793103448275862
Shivam Sharma,2.0,5.0,3.0,166.66666666666669,4.0,114.0,165.0,8.68421052631579,1.6666666666666667
Shivam Singh,1.0,2.0,3.0,66.66666666666666,0.0,0.0,0.0,0.0,0.6666666666666666
Shoaib Ahmed,3.0,1.0,6.0,16.666666666666664,5.0,103.0,154.0,8.970873786407767,0.16666666666666666
Shoaib Akhtar,1.0,2.0,8.0,25.0,5.0,46.0,54.0,7.043478260869566,0.25
Shoaib Malik,5.0,52.0,49.0,106.12244897959184,2.0,58.0,87.0,9.0,1.0612244897959184
Shubman Gill,99.0,3216.0,2432.0,132.23684210526315,0.0,0.0,0.0,0.0,1.4633333333333334
Sikandar Raza,9.0,182.0,143.0,127.27272727272727,3.0,88.0,146.0,9.954545454545455,1.2727272727272727
Simarjeet Singh,3.0,7.0,8.0,87.5,10.0,193.0,265.0,8.238341968911918,0.875
Sohail Tanvir,5.0,36.0,31.0,116.12903225806453,24.0,265.0,275.0,6.226415094339623,1.1612903225806452
Sumit Kumar,3.0,18.0,26.0,69.23076923076923,0.0,22.0,38.0,10.363636363636363,0.6923076923076923
Sunny Gupta,1.0,0.0,1.0,0.0,0.0,19.0,47.0,14.842105263157896,0.0
Sunny Singh,5.0,43.0,31.0,138.70967741935485,0.0,0.0,0.0,0.0,1.3870967741935485
Suyash Sharma,0.0,0.0,0.0,0.0,11.0,264.0,381.0,8.659090909090908,0.0
Swapnil Singh,9.0,51.0,46.0,110.86956521739131,7.0,165.0,241.0,8.763636363636364,1.108695652173913
T Banton,2.0,18.0,22.0,81.81818181818183,0.0,0.0,0.0,0.0,0.8181818181818182
T Henderson,2.0,11.0,16.0,68.75,1.0,36.0,41.0,6.833333333333333,0.6875
T Kohler-Cadmore,3.0,48.0,54.0,88.88888888888889,0.0,0.0,0.0,0.0,0.8888888888888888
T Kohli,3.0,11.0,20.0,55.00000000000001,0.0,0.0,0.0,0.0,0.55
T Natarajan,2.0,3.0,5.0,60.0,76.0,1401.0,2001.0,8.569593147751606,0.6
T Shamsi,1.0,2.0,4.0,50.0,3.0,120.0,185.0,9.25,0.5
T Stubbs,17.0,405.0,239.0,169.4560669456067,4.0,25.0,29.0,6.959999999999999,1.6945606694560669
T Taibu,3.0,31.0,26.0,119.23076923076923,0.0,0.0,0.0,0.0,1.1923076923076923
T Thushara,4.0,12.0,19.0,63.1578947368421,10.0,144.0,164.0,6.833333333333333,0.631578947368421
TA Boult,22.0,83.0,82.0,101.21951219512195,128.0,2428.0,3286.0,8.120263591433279,1.0121951219512195
TD Paine,2.0,10.0,29.0,34.48275862068966,0.0,0.0,0.0,0.0,0.3448275862068966
TG Southee,19.0,120.0,108.0,111.11111111111111,57.0,1262.0,1774.0,8.434231378763867,1.1111111111111112
TH David,35.0,659.0,417.0,158.0335731414868,0.0,0.0,0.0,0.0,1.4766666666666666
TK Curran,10.0,127.0,108.0,117.59259259259258,13.0,252.0,432.0,10.285714285714285,1.1759259259259258
TL Seifert,3.0,26.0,26.0,100.0,0.0,0.0,0.0,0.0,1.0
TL Suman,39.0,676.0,587.0,115.1618398637138,7.0,152.0,198.0,7.815789473684211,1.13
TM Dilshan,50.0,1153.0,1047.0,110.12416427889207,5.0,275.0,368.0,8.02909090909091,0.9333333333333333
TM Head,25.0,772.0,458.0,168.5589519650655,3.0,58.0,113.0,11.689655172413794,1.8333333333333333
TM Srivastava,3.0,8.0,11.0,72.72727272727273,0.0,0.0,0.0,0.0,0.7272727272727273
TP Sudhindra,0.0,0.0,0.0,0.0,1.0,74.0,137.0,11.108108108108109,0.0
TR Birt,5.0,75.0,59.0,127.11864406779661,0.0,0.0,0.0,0.0,1.271186440677966
TS Mills,5.0,8.0,14.0,57.14285714285714,11.0,218.0,349.0,9.605504587155963,0.5714285714285714
TU Deshpande,4.0,21.0,15.0,140.0,46.0,831.0,1275.0,9.205776173285198,1.4
Tanush Kotian,1.0,24.0,32.0,75.0,0.0,0.0,0.0,0.0,0.75
Tejas Baroka,0.0,0.0,0.0,0.0,0.0,21.0,33.0,9.428571428571429,0.0
Tilak Varma,38.0,1156.0,830.0,139.27710843373492,0.0,23.0,28.0,7.304347826086957,1.4933333333333334
U Kaul,1.0,0.0,1.0,0.0,0.0,0.0,0.0,0.0,0.0
UA Birla,1.0,7.0,15.0,46.666666666666664,0.0,0.0,0.0,0.0,0.4666666666666667
UBT Chand,20.0,300.0,314.0,95.54140127388536,0.0,0.0,0.0,0.0,0.99
UT Khawaja,6.0,127.0,105.0,120.95238095238095,0.0,0.0,0.0,0.0,1.2095238095238094
UT Yadav,48.0,208.0,211.0,98.5781990521327,163.0,3190.0,4442.0,8.354858934169279,0.985781990521327
Umar Gul,4.0,39.0,19.0,205.26315789473685,14.0,153.0,198.0,7.764705882352942,2.0526315789473686
Umran Malik,5.0,23.0,16.0,143.75,31.0,519.0,785.0,9.07514450867052,1.4375
V Kaverappa,0.0,0.0,0.0,0.0,2.0,24.0,36.0,9.0,0.0
V Kohli,244.0,8014.0,6236.0,128.51186658114176,5.0,264.0,371.0,8.431818181818182,1.5566666666666666
V Pratap Singh,1.0,0.0,1.0,0.0,12.0,211.0,300.0,8.530805687203792,0.0
V Sehwag,104.0,2728.0,1833.0,148.82705946535734,6.0,138.0,236.0,10.26086956521739,1.3566666666666667
V Shankar,58.0,1115.0,890.0,125.2808988764045,12.0,258.0,344.0,8.0,1.3266666666666667
V Viyaskanth,1.0,7.0,5.0,140.0,1.0,60.0,90.0,9.0,1.4
VG Arora,7.0,9.0,17.0,52.94117647058824,20.0,418.0,598.0,8.583732057416269,0.5294117647058824
VH Zol,2.0,29.0,26.0,111.53846153846155,0.0,0.0,0.0,0.0,1.1153846153846154
VR Aaron,12.0,50.0,73.0,68.4931506849315,46.0,1065.0,1527.0,8.60281690140845,0.684931506849315
VR Iyer,49.0,1326.0,1000.0,132.6,3.0,84.0,145.0,10.357142857142858,1.5333333333333334
VRV Singh,2.0,4.0,3.0,133.33333333333331,16.0,371.0,549.0,8.878706199460916,1.3333333333333333
VS Malik,2.0,7.0,7.0,100.0,6.0,212.0,268.0,7.584905660377358,1.0
VS Yeligati,1.0,2.0,2.0,100.0,0.0,32.0,61.0,11.4375,1.0
VVS Laxman,20.0,282.0,271.0,104.0590405904059,0.0,0.0,0.0,0.0,1.040590405904059
VY Mahesh,5.0,15.0,28.0,53.57142857142857,22.0,359.0,511.0,8.540389972144848,0.5357142857142857
Vijaykumar Vyshak,4.0,14.0,13.0,107.6923076923077,17.0,243.0,396.0,9.777777777777777,1.0769230769230769
Virat Singh,2.0,15.0,26.0,57.692307692307686,0.0,0.0,0.0,0.0,0.5769230769230769
Vishnu Vinod,6.0,56.0,58.0,96.55172413793103,0.0,0.0,0.0,0.0,0.9655172413793104
Vivrant Sharma,1.0,69.0,49.0,140.81632653061226,0.0,21.0,37.0,10.571428571428571,1.4081632653061225
W Jaffer,8.0,130.0,129.0,100.7751937984496,0.0,0.0,0.0,0.0,1.0077519379844961
WA Mota,8.0,56.0,76.0,73.68421052631578,4.0,75.0,98.0,7.84,0.7368421052631579
WD Parnell,13.0,65.0,86.0,75.5813953488372,40.0,758.0,968.0,7.6622691292875995,0.7558139534883721
WG Jacks,8.0,230.0,133.0,172.93233082706766,2.0,55.0,100.0,10.909090909090908,1.7293233082706767
WP Saha,143.0,2934.0,2368.0,123.90202702702702,0.0,0.0,0.0,0.0,1.2066666666666668
WPUJC Vaas,11.0,81.0,73.0,110.95890410958904,22.0,288.0,364.0,7.583333333333333,1.1095890410958904
Washington Sundar,38.0,378.0,341.0,110.85043988269794,39.0,1064.0,1335.0,7.5281954887218046,1.0666666666666667
X Thalaivan Sargunam,1.0,10.0,17.0,58.82352941176471,0.0,0.0,0.0,0.0,0.5882352941176471
Y Gnaneswara Rao,1.0,19.0,18.0,105.55555555555556,0.0,6.0,7.0,7.0,1.0555555555555556
Y Nagar,20.0,285.0,271.0,105.1660516605166,4.0,72.0,125.0,10.416666666666668,1.051660516605166
Y Prithvi Raj,1.0,0.0,1.0,0.0,1.0,33.0,57.0,10.363636363636363,0.0
Y Venugopal Rao,52.0,985.0,865.0,113.87283236994219,7.0,222.0,338.0,9.135135135135135,1.0733333333333333
YA Abdulla,1.0,0.0,1.0,0.0,15.0,222.0,311.0,8.405405405405405,0.0
YBK Jaiswal,52.0,1607.0,1095.0,146.7579908675799,0.0,1.0,6.0,36.0,1.5166666666666666
YK Pathan,153.0,3222.0,2334.0,138.04627249357327,46.0,1184.0,1443.0,7.3125,1.1266666666666667
YS Chahal,17.0,37.0,89.0,41.57303370786517,213.0,3628.0,4681.0,7.741455347298787,0.4157303370786517
YV Dhull,3.0,16.0,23.0,69.56521739130434,0.0,0.0,0.0,0.0,0.6956521739130435
YV Takawale,10.0,192.0,183.0,104.91803278688525,0.0,0.0,0.0,0.0,1.0491803278688525
Yash Dayal,1.0,0.0,1.0,0.0,31.0,615.0,933.0,9.102439024390243,0.0
Yash Thakur,0.0,0.0,0.0,0.0,27.0,432.0,702.0,9.75,0.0
Yashpal Singh,4.0,47.0,67.0,70.1492537313433,0.0,0.0,0.0,0.0,0.7014925373134329
Younis Khan,1.0,3.0,7.0,42.857142857142854,0.0,0.0,0.0,0.0,0.42857142857142855
Yudhvir Singh,4.0,22.0,16.0,137.5,4.0,74.0,125.0,10.135135135135135,1.375
Yuvraj Singh,126.0,2754.0,2207.0,124.78477571363842,39.0,882.0,1091.0,7.421768707482993,1.1033333333333333
Z Khan,27.0,117.0,141.0,82.97872340425532,119.0,2276.0,2860.0,7.539543057996484,0.8297872340425532
